stem,cx_gt,cy_gt,r_gt,status
S1001L01,155.34,115.48,57.52,ok
S1001L02,158.28,128.55,51.80,ok
S1001L03,128.73,139.37,56.47,ok
S1001L04,175.51,144.58,54.57,ok
S1001L05,158.91,146.48,54.18,ok
S1001L06,164.44,152.85,59.15,ok
S1001L07,154.11,137.03,54.61,ok
S1001L08,161.05,150.79,59.76,ok
S1001L09,137.82,120.75,58.01,ok
S1001L10,146.16,128.88,55.02,ok
S1001R01,180.19,128.86,57.90,ok
S1001R02,147.00,127.55,48.71,ok
S1001R03,171.83,131.49,59.39,ok
S1001R04,188.00,136.09,57.23,ok
S1001R05,181.04,140.29,55.43,ok
S1001R06,171.38,132.22,55.66,ok
S1001R07,185.17,144.09,55.07,ok
S1001R08,186.31,133.44,48.90,ok
S1001R09,176.77,147.63,47.56,ok
S1001R10,175.50,164.00,47.44,ok
S1002L01,164.00,160.14,48.23,ok
S1002L02,151.47,158.85,41.57,ok
S1002L03,142.05,173.75,40.86,ok
S1002L04,177.14,157.24,43.95,ok
S1002L05,184.15,182.52,40.94,ok
S1002L06,172.94,175.64,36.15,ok
S1002L07,143.66,167.86,39.00,ok
S1002L08,157.00,183.50,37.47,ok
S1002L09,143.60,167.53,38.94,ok
S1002L10,154.34,166.16,42.54,ok
S1002R01,130.00,148.43,40.87,ok
S1002R02,150.57,205.61,34.42,ok
S1002R03,113.50,162.85,43.20,ok
S1002R04,161.51,162.35,40.06,ok
S1002R05,144.49,188.45,39.71,ok
S1002R06,162.57,170.34,40.61,ok
S1002R07,157.43,163.73,38.48,ok
S1002R08,167.63,181.38,32.81,ok
S1002R09,170.39,192.76,37.43,ok
S1002R10,146.50,186.00,36.28,ok
S1003R01,166.82,178.75,31.62,ok
S1003R02,164.44,187.41,33.04,ok
S1003R03,190.92,190.47,28.79,ok
S1003R04,182.65,187.31,30.94,ok
S1003R05,171.58,190.58,35.72,ok
S1003R06,179.29,176.11,36.92,ok
S1003R07,151.25,171.88,35.49,ok
S1004R01,162.47,146.77,57.78,ok
S1004R02,132.37,129.19,56.05,ok
S1004R03,153.81,144.44,58.76,ok
S1004R04,156.46,167.42,56.21,ok
S1004R05,137.00,140.66,59.46,ok
S1004R06,166.19,136.84,52.10,ok
S1004R07,168.72,152.85,55.47,ok
S1005L01,167.18,135.44,45.63,ok
S1005R01,177.15,171.06,40.97,ok
S1005R02,145.41,169.22,45.17,ok
S1005R03,189.53,187.09,38.65,ok
S1005R04,166.43,183.25,42.17,ok
S1005R05,160.50,181.91,41.60,ok
S1005R06,171.37,159.70,38.42,ok
S1005R07,165.67,162.49,39.00,ok
S1006R01,163.27,178.30,49.00,ok
S1006R02,164.38,185.18,46.84,ok
S1006R03,164.00,179.00,48.51,ok
S1006R04,166.40,174.42,49.17,ok
S1006R05,146.50,182.07,48.51,ok
S1006R06,154.50,166.50,45.30,ok
S1006R07,170.23,167.90,44.61,ok
S1007L01,142.00,177.50,55.82,ok
S1007L02,139.50,153.57,52.97,ok
S1007L03,144.20,175.41,55.99,ok
S1007L04,141.00,167.50,53.96,ok
S1007L05,157.00,186.50,53.27,ok
S1007L06,152.00,159.34,50.15,ok
S1007L07,137.84,171.31,55.90,ok
S1007L09,143.00,142.12,52.13,ok
S1007L10,164.00,143.36,50.99,ok
S1007R01,161.00,153.50,56.23,ok
S1007R02,146.29,132.06,48.17,ok
S1007R03,153.73,147.66,52.57,ok
S1007R04,154.50,158.22,58.40,ok
S1007R05,168.00,164.33,57.89,ok
S1007R06,179.91,153.57,55.88,ok
S1007R07,163.50,153.44,53.84,ok
S1007R08,161.00,157.50,53.12,ok
S1007R09,154.00,160.50,55.08,ok
S1007R10,152.50,154.00,54.69,ok
S1008L01,155.36,171.17,41.39,ok
S1008L02,188.19,159.50,37.22,ok
S1008L03,150.95,165.65,36.09,ok
S1008L04,171.74,165.01,37.61,ok
S1008L05,174.07,165.34,33.56,ok
S1008L06,151.31,165.92,35.21,ok
S1008L07,144.50,161.50,40.40,ok
S1008L08,136.24,148.08,35.60,ok
S1008L09,152.28,160.28,38.81,ok
S1008L10,147.63,155.64,38.52,ok
S1008L11,160.68,166.54,38.76,ok
S1008R01,187.72,155.68,37.22,ok
S1008R02,182.17,153.34,37.12,ok
S1008R03,163.17,175.35,38.59,ok
S1008R04,178.30,156.77,38.82,ok
S1008R05,161.58,152.79,37.34,ok
S1008R06,188.14,156.40,37.45,ok
S1008R07,173.86,158.87,42.61,ok
S1008R08,163.42,150.38,38.56,ok
S1009L01,164.78,177.83,45.25,ok
S1009R01,163.30,156.04,38.77,ok
S1009R02,126.00,167.50,40.08,ok
S1009R03,149.49,190.73,38.95,ok
S1009R04,162.56,151.70,40.42,ok
S1009R05,118.83,168.90,38.78,ok
S1009R06,168.59,185.67,39.46,ok
S1009R07,124.39,183.45,38.86,ok
S1009R08,136.41,170.74,40.84,ok
S1010R01,153.70,177.04,43.38,ok
S1010R02,159.55,181.74,42.20,ok
S1010R03,135.83,186.49,43.06,ok
S1010R04,166.41,200.68,48.03,ok
S1010R05,142.89,160.82,44.66,ok
S1011L01,180.84,159.25,41.03,ok
S1011L02,141.41,158.41,35.04,ok
S1011L03,176.81,166.04,39.05,ok
S1011L04,141.55,171.80,39.35,ok
S1011L05,166.00,165.00,36.25,ok
S1011L06,151.50,150.14,36.14,ok
S1011L07,142.00,170.69,38.16,ok
S1011L08,151.32,149.48,39.00,ok
S1011L09,140.71,157.37,34.82,ok
S1011R01,145.43,145.80,39.35,ok
S1011R02,172.50,155.16,37.04,ok
S1011R03,153.50,162.50,40.70,ok
S1011R04,158.07,171.36,41.16,ok
S1011R05,145.82,142.73,40.11,ok
S1011R06,149.50,154.50,37.72,ok
S1011R07,139.78,162.69,36.97,ok
S1011R08,153.11,155.68,30.93,ok
S1011R09,157.00,142.00,39.45,ok
S1011R10,166.82,159.19,36.92,ok
S1012R01,127.50,174.09,37.88,ok
S1012R02,139.95,170.17,42.60,ok
S1012R03,158.06,172.43,37.32,ok
S1012R04,163.16,145.50,38.10,ok
S1012R05,182.12,166.60,37.72,ok
S1012R06,168.50,178.75,43.89,ok
S1013L01,131.00,165.84,29.99,ok
S1013L02,122.50,167.50,34.12,ok
S1013L03,142.27,148.68,32.03,ok
S1013L04,134.00,164.00,32.31,ok
S1013L05,124.16,166.10,33.12,ok
S1013L06,123.12,165.35,33.65,ok
S1013L07,147.74,161.48,34.78,ok
S1014L01,167.16,172.43,40.90,ok
S1014L02,148.63,161.63,42.52,ok
S1014L03,187.80,177.88,40.46,ok
S1014L04,186.29,168.34,42.87,ok
S1014L05,139.65,172.56,42.09,ok
S1014L06,153.88,162.27,40.32,ok
S1014L07,146.28,171.12,44.00,ok
S1015R01,136.78,181.62,35.62,ok
S1015R02,157.20,179.20,41.12,ok
S1015R03,144.96,161.69,39.43,ok
S1015R04,151.42,183.42,38.02,ok
S1015R05,136.21,172.74,38.23,ok
S1016L01,191.85,168.87,42.91,ok
S1016L02,139.49,159.73,47.01,ok
S1016L03,179.64,186.76,42.87,ok
S1016L04,155.32,173.38,43.19,ok
S1017R01,140.83,170.52,35.85,ok
S1017R02,170.11,191.85,34.36,ok
S1017R03,176.86,205.72,33.98,ok
S1017R04,149.50,179.07,35.36,ok
S1017R05,145.00,186.77,37.89,ok
S1017R06,159.00,186.00,36.67,ok
S1018R01,155.50,207.50,31.98,ok
S1018R02,140.00,184.74,36.75,ok
S1018R03,146.95,197.15,36.36,ok
S1019L01,156.50,164.50,40.21,ok
S1019L02,155.91,181.67,43.73,ok
S1019L03,155.45,186.64,52.70,ok
S1019L04,154.50,193.00,55.81,ok
S1019L05,154.50,189.50,48.93,ok
S1019L06,169.50,190.00,49.21,ok
S1019L07,149.61,173.72,43.36,ok
S1019L08,151.00,189.50,38.96,ok
S1019L09,163.14,172.29,45.45,ok
S1019L10,145.37,179.06,39.02,ok
S1019L11,162.50,180.21,42.87,ok
S1019L12,151.00,185.00,50.80,ok
S1019L13,145.50,177.00,46.98,ok
S1019L14,153.74,174.32,49.85,ok
S1019R01,150.10,191.64,38.98,ok
S1019R02,173.44,187.50,44.98,ok
S1019R03,197.70,199.74,40.01,ok
S1019R04,160.84,198.04,42.64,ok
S1019R05,194.50,198.72,40.97,ok
S1019R06,176.32,211.49,38.53,ok
S1019R07,174.77,175.84,47.87,ok
S1019R08,164.84,183.78,50.45,ok
S1019R09,165.40,211.56,45.05,ok
S1019R10,176.56,195.24,47.20,ok
S1019R11,168.43,181.33,42.02,ok
S1019R12,165.24,164.74,42.40,ok
S1019R13,184.00,192.50,39.61,ok
S1019R14,175.66,186.64,43.43,ok
S1019R15,159.79,187.20,49.59,ok
S1019R16,188.32,148.86,42.48,ok
S1019R17,207.29,166.77,44.44,ok
S1019R18,173.60,166.44,45.64,ok
S1019R19,194.67,168.63,42.89,ok
S1019R20,158.57,171.44,39.06,ok
S1019R21,169.16,170.15,35.27,ok
S1019R22,146.32,166.88,41.22,ok
S1019R23,152.00,191.50,41.60,ok
S1019R24,152.19,173.53,45.05,ok
S1019R25,183.72,183.35,39.69,ok
S1019R26,175.81,179.57,45.73,ok
S1020L01,157.98,175.07,40.24,ok
S1020R01,165.50,170.50,35.19,ok
S1020R02,158.15,189.57,39.67,ok
S1020R03,136.98,177.50,43.91,ok
S1020R04,138.39,176.95,44.19,ok
S1020R05,139.00,176.60,38.25,ok
S1021L01,159.91,161.21,40.39,ok
S1021L02,162.50,156.50,42.99,ok
S1021L03,161.80,162.96,37.66,ok
S1021L04,157.80,163.63,37.82,ok
S1021L05,168.00,158.56,35.79,ok
S1021L06,157.50,159.50,42.17,ok
S1021R01,161.06,163.38,33.14,ok
S1021R02,163.80,163.41,33.86,ok
S1022L01,178.50,142.50,27.10,ok
S1022L02,153.64,198.29,27.36,ok
S1022L03,180.59,193.35,28.33,ok
S1022L04,158.00,185.00,27.51,ok
S1022L05,174.61,200.62,27.13,ok
S1023R01,165.53,147.58,29.92,ok
S1023R02,148.00,170.00,29.43,ok
S1023R03,131.07,183.34,28.51,ok
S1023R04,130.00,183.00,28.64,ok
S1023R05,131.50,184.00,28.99,ok
S1024R01,169.66,145.68,40.93,ok
S1024R02,174.10,170.08,39.73,ok
S1025L01,157.39,152.73,39.02,ok
S1025L02,166.81,162.11,34.01,ok
S1025L03,154.98,157.47,39.37,ok
S1025L04,168.20,162.54,34.03,ok
S1025L05,163.01,150.99,39.43,ok
S1026R01,184.18,163.12,30.51,ok
S1026R02,159.94,140.40,36.09,ok
S1026R03,158.40,140.33,36.24,ok
S1027L01,173.50,187.41,38.15,ok
S1027L02,155.50,197.77,36.80,ok
S1027L03,167.21,179.96,39.39,ok
S1027L04,154.13,196.19,37.04,ok
S1027L05,174.00,182.50,38.96,ok
S1028L01,185.62,156.53,53.90,ok
S1028L02,154.63,145.98,49.42,ok
S1028L03,170.74,177.33,49.31,ok
S1028L04,154.21,183.71,48.01,ok
S1028L05,173.83,177.40,51.98,ok
S1028L06,176.00,164.50,51.55,ok
S1028L07,173.23,160.96,51.21,ok
S1028L08,186.48,147.77,49.66,ok
S1028L09,183.96,131.60,50.88,ok
S1028L10,178.65,143.03,49.44,ok
S1028L11,166.36,160.94,49.15,ok
S1028L12,171.50,174.00,49.31,ok
S1028R01,145.85,140.28,48.44,ok
S1028R02,142.51,130.33,48.01,ok
S1028R03,150.55,152.89,45.86,ok
S1028R04,131.49,166.13,47.04,ok
S1028R05,146.10,151.51,47.09,ok
S1028R06,127.00,168.25,44.20,ok
S1028R07,145.46,171.84,50.56,ok
S1028R08,144.52,140.45,48.54,ok
S1028R09,154.86,138.80,49.76,ok
S1028R10,162.95,151.18,47.35,ok
S1029L01,196.00,185.00,48.84,ok
S1029L02,185.00,161.50,42.26,ok
S1029L03,189.00,179.00,49.16,ok
S1029L04,185.00,172.76,51.25,ok
S1029L05,185.50,182.36,44.86,ok
S1029L06,191.50,178.06,47.38,ok
S1029L07,202.00,170.00,42.58,ok
S1029L08,189.39,161.09,45.55,ok
S1029L09,163.50,176.58,42.66,ok
S1029L10,200.00,160.50,44.78,ok
S1029R01,143.79,166.60,49.29,ok
S1029R02,159.00,174.35,47.03,ok
S1029R03,159.35,154.90,50.96,ok
S1029R04,156.71,177.57,49.96,ok
S1029R05,154.87,159.49,50.17,ok
S1029R06,176.37,169.85,51.71,ok
S1029R07,169.46,182.37,52.41,ok
S1029R08,169.00,168.00,47.68,ok
S1029R09,167.07,163.23,42.21,ok
S1029R10,171.72,177.88,46.70,ok
S1030L01,157.50,166.00,48.63,ok
S1030L02,165.68,146.13,49.52,ok
S1030L03,145.38,166.46,47.66,ok
S1030L04,135.50,140.50,48.81,ok
S1030L05,162.37,163.77,48.70,ok
S1030L06,160.50,171.00,45.80,ok
S1030L07,149.81,160.89,47.51,ok
S1030L08,148.14,167.77,47.28,ok
S1030L09,152.73,152.37,45.80,ok
S1030L10,172.17,155.16,46.95,ok
S1030R01,140.34,149.87,47.17,ok
S1030R02,151.87,186.36,49.16,ok
S1030R03,127.50,148.44,42.80,ok
S1030R04,142.50,153.00,39.71,ok
S1030R05,157.40,154.00,44.24,ok
S1030R06,123.46,160.34,46.12,ok
S1030R07,130.50,162.00,50.42,ok
S1030R08,144.50,160.00,50.72,ok
S1030R09,147.29,181.26,40.91,ok
S1030R10,152.00,172.00,50.64,ok
S1031L01,182.50,169.59,26.97,ok
S1031L02,182.50,169.41,26.97,ok
S1032L01,160.00,174.09,32.16,ok
S1032L02,150.50,179.00,35.17,ok
S1032L03,151.50,180.50,34.82,ok
S1032L04,162.00,158.50,36.39,ok
S1032L05,168.21,173.35,32.17,ok
S1033L01,169.64,171.97,39.71,ok
S1033L02,175.00,184.37,38.84,ok
S1033L03,171.26,170.96,39.32,ok
S1033L04,174.00,183.50,38.15,ok
S1033L05,172.26,169.65,39.33,ok
S1034R01,178.73,177.85,37.59,ok
S1034R02,173.95,156.81,36.31,ok
S1034R03,178.64,179.64,37.90,ok
S1034R04,173.50,154.50,36.78,ok
S1034R05,178.62,182.56,37.30,ok
S1035L01,158.20,174.39,61.05,ok
S1035L02,155.38,186.67,55.51,ok
S1035L03,158.00,173.50,60.71,ok
S1035L04,161.98,185.96,55.19,ok
S1035L05,159.64,176.76,61.01,ok
S1036L01,161.82,185.20,33.87,ok
S1036L02,131.36,166.84,32.01,ok
S1036L03,151.47,182.46,35.15,ok
S1036L04,159.00,168.50,33.19,ok
S1036L05,159.72,173.98,33.04,ok
S1036L06,155.28,179.08,31.87,ok
S1036L07,161.49,178.91,32.81,ok
S1036L08,150.19,153.06,31.58,ok
S1036L09,137.52,162.01,31.55,ok
S1036L10,147.99,170.48,30.84,ok
S1036R01,179.76,166.20,35.42,ok
S1036R02,151.20,143.74,29.91,ok
S1036R03,142.50,159.00,32.50,ok
S1036R04,135.52,157.62,33.47,ok
S1036R05,163.02,158.68,33.54,ok
S1036R06,171.46,173.94,31.16,ok
S1036R07,146.22,159.78,28.11,ok
S1036R08,125.76,168.90,30.28,ok
S1036R09,124.51,156.78,27.56,ok
S1036R10,117.00,161.07,29.09,ok
S1037R01,145.98,131.01,41.21,ok
S1037R02,142.29,150.44,40.62,ok
S1037R03,142.86,149.28,40.92,ok
S1038L01,149.51,166.51,33.99,ok
S1038L02,187.32,166.87,36.77,ok
S1038L03,150.44,166.80,36.79,ok
S1038L04,191.00,169.55,37.57,ok
S1039L01,168.39,144.13,41.01,ok
S1039L02,172.56,148.84,42.41,ok
S1039L03,143.50,163.52,41.17,ok
S1039L04,166.95,143.98,41.82,ok
S1039L05,135.50,163.59,41.10,ok
S1040L01,191.55,175.75,63.53,ok
S1040L02,186.66,167.14,54.89,ok
S1040L03,192.50,175.04,62.99,ok
S1040L04,188.03,168.02,55.22,ok
S1040L05,192.17,174.44,62.75,ok
S1041L01,166.09,154.91,47.47,ok
S1041L02,150.11,177.50,44.37,ok
S1041L03,168.88,174.81,45.79,ok
S1041L04,146.09,179.89,46.46,ok
S1041L05,171.29,174.47,45.76,ok
S1042L01,161.65,161.37,48.10,ok
S1042L02,157.30,150.30,44.17,ok
S1042L03,146.55,165.96,45.18,ok
S1042L04,174.52,167.00,42.85,ok
S1042L05,152.82,159.00,44.69,ok
S1042L06,150.93,148.08,45.80,ok
S1042L07,169.00,145.50,44.06,ok
S1042L08,157.41,145.76,43.09,ok
S1042L09,153.00,148.50,38.96,ok
S1042L10,161.54,150.86,43.69,ok
S1042R01,148.95,146.51,43.70,ok
S1042R02,165.00,136.31,43.87,ok
S1042R03,156.18,158.48,39.33,ok
S1042R04,152.97,142.16,42.60,ok
S1042R05,139.00,160.50,41.72,ok
S1042R06,153.56,150.48,41.14,ok
S1042R07,151.67,156.89,39.58,ok
S1042R08,154.92,162.17,37.51,ok
S1042R09,162.05,151.77,40.89,ok
S1042R10,154.50,156.68,37.09,ok
S1043L01,151.50,142.68,38.28,ok
S1043L02,152.37,199.70,35.00,ok
S1043L03,137.92,163.19,38.76,ok
S1043L04,169.54,108.88,42.20,ok
S1043L05,172.00,177.59,38.62,ok
S1043L06,166.91,168.18,40.37,ok
S1043L07,164.58,168.91,40.45,ok
S1043L08,153.41,199.37,34.69,ok
S1043L09,130.96,140.93,36.80,ok
S1043L10,194.06,140.95,37.80,ok
S1043R01,164.77,171.62,50.39,ok
S1043R02,179.05,184.35,45.75,ok
S1043R03,171.65,177.93,37.87,ok
S1043R04,168.83,142.09,47.17,ok
S1043R05,171.58,161.91,47.53,ok
S1043R06,164.50,171.11,50.31,ok
S1043R07,168.80,178.44,38.99,ok
S1043R08,177.07,185.41,45.96,ok
S1043R09,168.52,141.45,45.91,ok
S1044L01,163.50,139.74,31.93,ok
S1044L02,143.71,160.77,31.87,ok
S1044L03,184.06,150.46,30.61,ok
S1044L04,159.43,143.63,30.85,ok
S1044L05,172.00,133.00,28.65,ok
S1044L06,169.68,170.97,29.65,ok
S1044R01,154.03,186.09,36.59,ok
S1045L01,153.20,184.72,43.53,ok
S1045L02,150.70,189.83,42.76,ok
S1045L03,156.35,200.02,44.01,ok
S1045L04,121.00,185.50,41.25,ok
S1045L05,154.00,182.00,41.63,ok
S1045L06,166.25,169.61,40.08,ok
S1045L07,190.88,183.12,42.63,ok
S1045L08,165.22,165.97,44.05,ok
S1045L09,120.88,182.93,45.79,ok
S1045L10,184.65,178.34,45.75,ok
S1045L11,173.37,174.76,44.02,ok
S1045R01,115.50,162.50,38.50,ok
S1045R02,126.50,170.12,41.80,ok
S1045R03,135.06,168.46,34.99,ok
S1045R04,127.14,148.17,37.42,ok
S1045R05,154.00,146.50,39.02,ok
S1045R06,138.50,180.50,36.91,ok
S1045R07,140.29,162.56,40.18,ok
S1045R08,124.78,187.88,39.47,ok
S1045R09,134.00,182.50,39.95,ok
S1045R10,145.00,170.00,42.76,ok
S1046R01,159.08,156.35,34.53,ok
S1046R02,169.49,163.95,37.22,ok
S1046R03,169.82,169.80,36.91,ok
S1046R04,155.00,151.00,39.20,ok
S1047L01,194.71,129.71,28.65,ok
S1047L02,180.09,156.25,29.81,ok
S1047L03,184.31,173.77,29.87,ok
S1047L04,183.73,165.43,29.35,ok
S1047L05,184.50,171.50,30.70,ok
S1047L06,183.58,144.54,29.05,ok
S1047R01,165.62,159.28,32.93,ok
S1048R01,180.50,115.00,35.26,ok
S1048R02,120.50,174.50,31.98,ok
S1048R03,123.37,135.65,31.19,ok
S1048R04,126.89,136.22,31.02,ok
S1048R05,115.76,182.50,31.44,ok
S1048R06,133.22,149.51,35.81,ok
S1049L01,144.50,134.50,38.99,ok
S1049L02,151.00,140.00,42.58,ok
S1049L03,164.67,142.82,45.26,ok
S1049L04,170.83,134.66,40.11,ok
S1049L05,180.34,114.23,38.99,ok
S1050L01,155.66,153.41,39.13,ok
S1050L02,144.36,134.74,36.77,ok
S1050L03,159.55,150.17,38.12,ok
S1050L04,149.04,134.64,36.38,ok
S1050L05,142.72,128.28,36.01,ok
S1051R01,168.46,161.07,42.04,ok
S1051R02,184.25,147.00,40.86,ok
S1051R03,159.23,162.68,42.59,ok
S1051R04,166.97,173.64,39.71,ok
S1051R05,162.89,160.52,41.26,ok
S1052L01,157.00,158.50,62.89,ok
S1052L02,170.00,148.50,59.19,ok
S1052L03,145.31,160.79,61.83,ok
S1052L04,159.50,136.45,60.80,ok
S1052L05,184.10,141.87,55.46,ok
S1053L01,161.38,154.94,54.03,ok
S1053L02,160.75,155.39,53.30,ok
S1053L03,146.04,140.11,47.17,ok
S1053L04,160.04,144.08,48.44,ok
S1053L05,147.00,168.50,52.32,ok
S1053L06,149.89,161.26,50.50,ok
S1053L07,159.02,144.68,47.23,ok
S1053L08,160.78,155.22,53.73,ok
S1053L09,162.31,154.69,53.47,ok
S1053L10,146.99,153.06,51.44,ok
S1053L11,160.00,142.50,55.51,ok
S1053L12,158.57,159.69,53.27,ok
S1053L13,160.45,157.59,54.64,ok
S1053R01,192.82,177.98,41.53,ok
S1053R02,197.50,163.31,44.94,ok
S1053R03,197.00,167.00,41.23,ok
S1053R04,180.67,180.05,43.20,ok
S1053R05,181.25,167.55,45.53,ok
S1053R06,184.57,164.65,44.48,ok
S1053R07,174.72,164.50,46.50,ok
S1053R08,181.63,175.10,44.56,ok
S1053R09,172.44,166.68,45.97,ok
S1053R10,169.82,175.44,45.86,ok
S1054L01,186.06,139.05,40.06,ok
S1054L02,175.59,146.07,39.10,ok
S1054L03,189.51,141.28,39.44,ok
S1054L04,167.01,147.89,38.22,ok
S1055L01,149.56,167.27,38.62,ok
S1055L02,143.74,156.50,38.01,ok
S1055L03,150.41,139.77,33.21,ok
S1055L04,163.19,145.19,35.02,ok
S1055L05,151.98,142.95,33.06,ok
S1056L01,174.28,132.72,34.59,ok
S1056L02,181.70,161.94,34.34,ok
S1056L03,168.95,170.60,31.98,ok
S1056L04,145.25,158.62,32.45,ok
S1056L05,177.87,148.94,36.26,ok
S1057R01,156.57,163.86,46.33,ok
S1057R02,176.50,163.00,46.21,ok
S1057R03,153.15,159.44,48.00,ok
S1057R04,149.06,153.91,47.48,ok
S1057R05,153.44,161.41,48.72,ok
S1058R01,180.70,145.70,42.92,ok
S1058R02,201.50,154.51,40.19,ok
S1058R03,155.16,141.70,41.45,ok
S1058R04,203.47,137.08,40.45,ok
S1058R05,194.18,161.45,41.80,ok
S1059L01,125.00,125.11,37.23,ok
S1059L02,142.59,146.23,38.04,ok
S1059L03,165.82,133.11,37.25,ok
S1059L04,147.11,135.00,37.68,ok
S1059L05,147.37,136.27,41.24,ok
S1060L01,132.50,123.55,51.74,ok
S1060L02,140.95,118.53,41.31,ok
S1060L03,115.00,129.35,51.59,ok
S1060L04,145.21,121.04,49.57,ok
S1060L05,126.99,122.74,48.26,ok
S1060L06,140.43,133.27,47.51,ok
S1060L07,133.67,104.87,45.90,ok
S1060L08,122.07,127.05,44.34,ok
S1060L09,145.09,129.82,49.45,ok
S1060L10,140.50,119.50,45.63,ok
S1060R01,153.78,131.16,50.12,ok
S1060R02,172.91,126.52,42.26,ok
S1060R03,141.14,160.65,45.05,ok
S1060R04,136.94,139.69,46.21,ok
S1060R05,155.22,149.27,44.32,ok
S1060R06,146.50,130.00,47.45,ok
S1060R07,153.94,130.13,42.31,ok
S1060R08,149.50,119.00,47.45,ok
S1060R09,165.46,114.92,36.52,ok
S1060R10,177.86,141.03,40.03,ok
S1061R01,140.69,141.20,31.91,ok
S1061R02,153.50,163.18,34.27,ok
S1061R03,136.00,126.50,34.03,ok
S1061R04,152.50,150.50,35.11,ok
S1061R05,147.97,154.14,34.66,ok
S1062R01,198.12,147.88,37.05,ok
S1062R02,185.95,147.12,39.32,ok
S1062R03,198.76,140.97,34.51,ok
S1062R04,192.50,137.00,34.82,ok
S1062R05,201.71,135.68,39.19,ok
S1063L01,176.82,142.16,50.62,ok
S1063L02,162.23,129.64,51.20,ok
S1063L03,164.87,148.93,42.67,ok
S1063L04,170.84,142.93,38.50,ok
S1063L05,176.99,150.55,41.64,ok
S1063L06,171.61,146.18,44.64,ok
S1063R01,194.50,147.81,64.52,ok
S1063R02,190.32,136.79,61.39,ok
S1063R03,200.50,118.12,65.21,ok
S1063R04,169.00,141.46,63.74,ok
S1063R05,191.00,130.43,61.10,ok
S1063R06,179.50,126.94,60.41,ok
S1063R07,160.91,137.84,61.67,ok
S1064L01,180.61,141.39,51.95,ok
S1064L02,184.13,138.56,50.61,ok
S1064L03,172.55,155.67,48.44,ok
S1064L04,193.64,133.64,52.13,ok
S1064L05,156.90,138.56,52.71,ok
S1064L06,168.48,138.99,52.50,ok
S1064L07,172.34,130.83,54.70,ok
S1064R01,152.73,135.10,58.91,ok
S1064R02,153.83,150.68,56.07,ok
S1064R03,148.11,146.07,54.69,ok
S1064R04,156.94,150.65,55.09,ok
S1064R05,157.85,143.51,55.11,ok
S1064R06,161.77,132.23,54.99,ok
S1064R07,157.74,127.57,57.81,ok
S1065L01,185.56,146.86,43.97,ok
S1065L02,167.35,146.28,41.77,ok
S1065L03,175.50,142.50,44.26,ok
S1065L04,174.90,147.42,42.36,ok
S1065L05,170.15,162.60,40.38,ok
S1065L06,170.50,171.50,38.14,ok
S1065L07,162.09,176.67,39.19,ok
S1065R01,193.79,156.86,49.72,ok
S1065R02,191.93,166.83,44.46,ok
S1065R03,180.93,160.70,47.57,ok
S1065R04,174.70,162.00,44.37,ok
S1065R05,177.19,170.13,40.59,ok
S1065R06,172.31,151.32,44.53,ok
S1065R07,176.82,164.47,39.46,ok
S1066L01,173.42,133.09,45.09,ok
S1066L02,169.38,130.71,50.13,ok
S1066L03,168.75,131.82,49.51,ok
S1066L04,155.71,116.29,53.42,ok
S1066L05,170.72,116.15,52.52,ok
S1066L06,164.01,134.69,52.61,ok
S1066L07,162.55,105.04,50.65,ok
S1066R01,150.29,146.03,42.46,ok
S1066R02,175.04,152.37,42.91,ok
S1066R03,168.00,167.00,41.40,ok
S1066R04,170.73,124.93,43.82,ok
S1066R05,179.50,136.50,43.23,ok
S1066R06,148.44,141.38,41.98,ok
S1066R07,142.50,141.00,41.49,ok
S1067L01,133.50,126.00,37.51,ok
S1067L02,162.35,149.08,38.08,ok
S1067L03,176.57,140.55,37.58,ok
S1067L04,164.26,141.45,40.62,ok
S1067L05,178.13,122.61,39.27,ok
S1067L06,163.87,135.42,37.31,ok
S1067L07,172.50,143.84,37.04,ok
S1067R01,153.67,120.44,42.82,ok
S1067R02,154.00,135.50,43.00,ok
S1067R03,159.86,128.60,40.24,ok
S1067R04,164.79,137.54,41.63,ok
S1067R05,173.94,126.35,41.16,ok
S1067R06,157.95,129.61,40.89,ok
S1067R07,163.28,136.72,39.60,ok
S1068L01,163.00,136.00,49.34,ok
S1068L02,171.34,136.30,44.45,ok
S1068L03,160.84,140.20,47.69,ok
S1068L04,157.50,131.50,47.46,ok
S1068L05,137.59,134.62,43.88,ok
S1068L06,131.00,141.04,45.14,ok
S1068L07,120.00,154.00,44.72,ok
S1068R01,156.50,161.33,53.35,ok
S1068R02,184.52,148.21,52.08,ok
S1068R03,187.50,131.50,54.17,ok
S1068R04,176.00,126.50,53.12,ok
S1068R05,199.63,146.58,50.17,ok
S1068R06,184.00,155.00,50.25,ok
S1069L01,156.67,139.87,44.42,ok
S1069L02,163.31,135.47,38.08,ok
S1069L03,175.88,141.71,45.09,ok
S1069L04,165.36,177.90,44.38,ok
S1069L05,186.42,153.85,45.51,ok
S1069L06,201.80,133.24,44.82,ok
S1069L07,169.17,136.20,44.54,ok
S1069R01,165.75,182.58,49.99,ok
S1069R02,180.66,166.06,49.33,ok
S1069R03,146.47,185.45,49.06,ok
S1069R04,168.50,163.00,48.13,ok
S1069R05,137.39,158.81,51.10,ok
S1069R06,178.44,179.38,55.57,ok
S1070L01,198.16,129.81,41.35,ok
S1070L02,170.50,132.50,40.21,ok
S1070L03,138.04,149.08,40.40,ok
S1070L04,142.94,144.61,39.95,ok
S1070L05,139.55,139.64,38.90,ok
S1070L06,139.50,150.00,38.71,ok
S1070L07,148.50,153.50,37.98,ok
S1070R01,173.96,137.33,47.85,ok
S1070R02,155.03,120.10,45.99,ok
S1070R03,177.57,124.67,45.78,ok
S1070R04,148.59,104.07,44.42,ok
S1070R05,148.76,107.42,44.02,ok
S1070R06,158.92,135.69,45.23,ok
S1071L01,186.50,143.44,42.80,ok
S1071L02,177.24,146.17,41.39,ok
S1071L03,188.38,145.26,41.40,ok
S1071L04,141.95,154.60,40.22,ok
S1071L05,184.28,141.03,44.28,ok
S1071L06,178.36,159.20,40.24,ok
S1071L07,173.88,144.48,38.15,ok
S1071R01,156.97,157.60,46.29,ok
S1071R02,137.68,161.77,44.44,ok
S1071R03,158.50,151.91,43.74,ok
S1071R04,151.50,152.42,43.08,ok
S1071R05,171.20,157.19,41.82,ok
S1071R06,168.99,134.73,45.62,ok
S1071R07,157.21,159.93,45.23,ok
S1072L01,174.50,149.71,51.41,ok
S1072L02,155.49,158.63,50.93,ok
S1072L03,165.40,156.12,50.19,ok
S1072L04,162.30,151.24,46.02,ok
S1072L05,157.00,155.57,47.95,ok
S1072L06,157.66,158.14,47.16,ok
S1072L07,170.50,161.00,49.73,ok
S1072R01,146.36,134.39,50.77,ok
S1072R02,161.54,125.41,47.75,ok
S1072R03,163.51,108.20,50.70,ok
S1072R04,160.00,137.50,48.35,ok
S1072R05,138.63,130.98,45.47,ok
S1072R06,174.91,120.73,47.82,ok
S1072R07,155.40,134.60,47.82,ok
S1073L01,163.21,121.11,48.77,ok
S1073L02,188.82,129.45,49.65,ok
S1073L03,158.35,118.16,48.45,ok
S1073L04,159.72,139.57,46.80,ok
S1073L05,179.85,109.94,46.78,ok
S1073L06,175.37,153.94,47.73,ok
S1073L07,171.50,149.50,48.59,ok
S1073R01,149.23,139.41,42.62,ok
S1073R02,141.00,133.00,46.57,ok
S1073R03,152.50,138.00,46.46,ok
S1073R04,153.50,153.35,50.08,ok
S1073R05,168.86,146.40,44.70,ok
S1073R06,170.36,139.57,47.63,ok
S1073R07,160.34,133.46,48.87,ok
S1074L01,163.35,149.02,39.71,ok
S1074L02,131.90,141.40,39.25,ok
S1074L03,139.12,121.18,38.84,ok
S1074L04,158.05,140.19,40.12,ok
S1074L05,155.23,131.36,32.69,ok
S1074L06,156.50,132.52,39.14,ok
S1074L07,167.00,144.13,40.92,ok
S1074R01,134.99,181.16,43.72,ok
S1074R02,132.12,173.31,37.38,ok
S1074R03,131.90,160.12,41.33,ok
S1074R04,130.55,155.75,41.13,ok
S1074R05,183.14,146.93,42.17,ok
S1074R06,171.32,159.04,40.70,ok
S1074R07,200.68,149.27,39.84,ok
S1075L01,174.20,151.81,48.65,ok
S1075L02,157.99,142.35,46.91,ok
S1075L03,157.79,150.74,47.34,ok
S1075L04,165.21,139.47,46.27,ok
S1075L05,167.56,151.91,46.68,ok
S1075L06,166.41,135.10,49.80,ok
S1075R01,183.40,106.74,46.22,ok
S1075R02,166.39,102.63,37.23,ok
S1075R03,173.53,128.11,36.81,ok
S1075R04,162.45,123.13,37.03,ok
S1075R05,144.15,137.23,36.78,ok
S1075R06,160.50,134.50,39.27,ok
S1076L01,147.50,141.42,57.21,ok
S1076L02,157.59,151.60,55.10,ok
S1076L03,162.32,172.85,52.87,ok
S1076L04,141.50,177.63,52.15,ok
S1076L05,169.21,160.89,53.90,ok
S1076L06,155.51,163.88,54.15,ok
S1076L07,150.37,146.39,55.78,ok
S1076R01,156.96,115.98,51.00,ok
S1076R02,144.50,142.97,52.09,ok
S1076R03,157.00,171.00,51.24,ok
S1076R04,155.91,145.88,53.06,ok
S1076R05,170.00,152.69,51.93,ok
S1076R06,176.16,153.11,52.70,ok
S1076R07,171.17,156.83,54.44,ok
S1077R01,146.50,136.00,53.72,ok
S1077R02,147.50,144.50,50.22,ok
S1077R03,152.94,131.52,51.18,ok
S1077R04,149.79,138.80,50.32,ok
S1077R05,163.82,131.79,49.98,ok
S1077R06,156.00,127.32,46.07,ok
S1077R07,153.13,130.72,47.97,ok
S1078L01,145.83,145.59,43.98,ok
S1078L02,147.67,132.52,43.36,ok
S1078L03,186.46,136.44,41.81,ok
S1078L04,175.34,137.18,41.74,ok
S1078L05,158.56,139.27,43.92,ok
S1078L06,142.77,125.40,37.63,ok
S1078L07,132.38,128.15,39.29,ok
S1078R01,140.04,155.35,47.45,ok
S1078R02,144.87,151.25,44.66,ok
S1078R03,145.56,143.65,48.29,ok
S1078R04,135.85,153.67,47.69,ok
S1078R05,158.69,137.42,47.15,ok
S1078R06,152.11,145.49,42.56,ok
S1078R07,151.77,142.84,42.09,ok
S1079L01,167.88,155.35,40.21,ok
S1079L02,173.46,147.18,38.43,ok
S1079L03,168.74,140.99,38.68,ok
S1079L04,161.47,143.92,40.45,ok
S1079L05,160.58,158.86,39.39,ok
S1079L06,163.26,145.78,38.02,ok
S1079L07,156.50,154.50,38.14,ok
S1079R01,134.16,152.80,45.08,ok
S1079R02,134.43,162.65,41.73,ok
S1079R03,133.50,160.26,41.77,ok
S1079R04,128.01,168.10,41.10,ok
S1079R05,128.00,151.50,41.28,ok
S1079R06,146.49,150.85,40.81,ok
S1079R07,138.85,161.56,41.69,ok
S1080L01,150.38,137.47,45.78,ok
S1080L02,163.45,115.34,46.13,ok
S1080L03,151.47,144.69,44.82,ok
S1080L04,149.60,119.99,45.47,ok
S1080L05,165.50,141.00,46.46,ok
S1080L06,171.06,111.76,45.14,ok
S1080L07,166.26,110.53,50.92,ok
S1080R01,141.50,96.00,50.02,ok
S1080R02,132.68,136.60,52.91,ok
S1080R03,148.50,126.62,51.68,ok
S1080R04,150.00,156.44,50.92,ok
S1080R05,138.50,136.50,47.52,ok
S1081L01,179.08,159.24,42.70,ok
S1081L02,160.00,161.43,48.94,ok
S1081L03,171.47,156.34,46.12,ok
S1081L04,166.50,159.50,48.25,ok
S1081L05,180.93,136.59,49.25,ok
S1081L06,162.50,159.95,43.60,ok
S1081L07,188.90,140.52,48.99,ok
S1081L08,168.00,162.00,56.72,ok
S1081L09,168.73,158.42,56.95,ok
S1081L10,173.00,151.50,54.25,ok
S1081R01,160.10,154.65,45.53,ok
S1081R02,152.36,167.65,45.99,ok
S1081R03,152.62,152.22,47.39,ok
S1081R04,161.09,143.73,47.82,ok
S1081R05,161.78,165.10,50.17,ok
S1081R06,153.87,160.50,51.11,ok
S1081R07,159.40,159.34,40.70,ok
S1081R08,147.15,146.72,49.80,ok
S1081R09,146.00,153.00,43.74,ok
S1081R10,151.00,169.00,42.58,ok
S1082L01,165.71,149.72,41.80,ok
S1082L02,181.87,132.40,40.24,ok
S1082L03,193.78,152.86,42.77,ok
S1082L04,174.96,161.31,38.79,ok
S1082L05,159.19,156.15,38.05,ok
S1082L06,169.82,136.14,41.40,ok
S1082L07,170.69,157.69,42.21,ok
S1082R01,131.38,137.37,43.45,ok
S1082R02,156.98,146.54,45.17,ok
S1082R03,149.10,151.52,43.90,ok
S1082R04,152.28,146.96,41.38,ok
S1082R05,166.69,145.11,46.39,ok
S1082R06,148.73,144.88,44.20,ok
S1082R07,154.87,159.92,43.05,ok
S1083L01,175.00,143.93,39.39,ok
S1083L02,173.68,128.36,37.57,ok
S1083L03,148.02,140.25,39.62,ok
S1083L04,165.52,145.17,39.36,ok
S1083L05,163.50,141.50,39.65,ok
S1083L06,150.57,145.92,40.08,ok
S1083L07,160.72,137.20,41.50,ok
S1083R01,173.20,152.15,42.76,ok
S1083R02,179.10,140.36,43.09,ok
S1083R03,168.50,136.91,44.43,ok
S1083R04,169.18,140.45,43.94,ok
S1083R05,159.34,145.63,43.26,ok
S1083R06,168.49,148.31,44.94,ok
S1083R07,167.38,139.01,44.62,ok
S1084L01,172.78,163.52,42.20,ok
S1084L02,174.00,163.34,44.07,ok
S1084L03,176.00,149.50,50.35,ok
S1084L04,171.62,157.19,45.02,ok
S1084L05,175.85,171.09,52.54,ok
S1084L06,177.50,174.25,51.78,ok
S1084L07,166.24,167.13,51.48,ok
S1084R01,148.54,162.85,38.59,ok
S1084R02,159.19,159.72,40.37,ok
S1084R03,163.72,171.28,39.39,ok
S1084R04,146.48,151.67,41.59,ok
S1084R05,157.44,164.77,41.47,ok
S1084R06,147.04,158.14,40.17,ok
S1084R07,146.50,160.00,38.55,ok
S1085L01,161.50,124.00,49.43,ok
S1085L02,192.00,130.00,49.04,ok
S1085L03,146.94,122.69,45.86,ok
S1085L04,142.18,160.24,43.30,ok
S1085L05,150.63,151.14,46.62,ok
S1085L06,172.50,116.00,51.55,ok
S1085L07,158.24,109.78,47.65,ok
S1085R01,161.10,147.54,54.68,ok
S1085R02,167.96,134.73,52.88,ok
S1085R03,140.28,168.04,51.96,ok
S1085R04,158.00,140.00,54.59,ok
S1085R05,155.00,116.34,52.13,ok
S1085R06,197.87,134.94,52.91,ok
S1085R07,202.50,154.00,53.53,ok
S1086L01,164.64,141.30,45.35,ok
S1086L02,152.42,135.80,48.13,ok
S1086L03,170.26,136.23,48.66,ok
S1086L04,163.50,139.00,46.33,ok
S1086L05,164.00,139.50,49.99,ok
S1086L06,133.53,138.00,46.22,ok
S1086R01,161.00,141.94,49.31,ok
S1086R02,149.23,136.84,48.16,ok
S1086R03,173.50,141.50,54.17,ok
S1086R04,181.90,143.11,55.45,ok
S1086R05,186.08,138.59,48.09,ok
S1086R06,178.40,142.95,50.16,ok
S1086R07,180.50,137.44,49.86,ok
S1087L01,191.89,137.72,46.15,ok
S1087L02,128.59,122.50,46.25,ok
S1087L03,153.18,157.15,46.10,ok
S1087L04,146.31,145.76,44.84,ok
S1087L05,202.20,141.27,43.99,ok
S1087L06,153.42,152.37,45.71,ok
S1087L07,183.59,160.55,42.36,ok
S1087R01,137.24,149.01,46.86,ok
S1087R02,174.99,159.91,48.92,ok
S1087R03,140.90,152.23,46.83,ok
S1087R04,154.52,158.46,49.58,ok
S1087R05,180.08,173.24,47.86,ok
S1087R06,173.76,168.81,48.99,ok
S1088L01,159.89,156.96,45.54,ok
S1088L02,174.44,149.33,44.48,ok
S1088L03,165.07,152.31,45.41,ok
S1088L04,173.24,154.61,43.99,ok
S1088L05,176.50,137.87,44.94,ok
S1088L06,168.23,147.41,41.42,ok
S1088L07,160.56,141.54,40.99,ok
S1088R01,138.00,148.50,46.20,ok
S1088R02,133.39,137.95,47.07,ok
S1088R03,177.99,160.94,47.23,ok
S1088R04,165.70,154.41,49.91,ok
S1088R05,166.03,152.16,48.67,ok
S1088R06,164.40,173.82,46.98,ok
S1088R07,161.00,159.50,48.54,ok
S1089L01,135.68,175.00,45.44,ok
S1089L02,160.78,157.44,49.52,ok
S1089L03,161.07,140.24,49.97,ok
S1089L04,160.00,156.50,50.68,ok
S1089L05,148.09,154.22,49.23,ok
S1089L06,167.70,152.48,48.31,ok
S1089L07,170.91,133.46,49.31,ok
S1089R01,139.00,164.00,54.59,ok
S1089R02,155.94,140.25,54.83,ok
S1089R03,168.64,150.09,52.70,ok
S1089R04,184.00,152.00,51.48,ok
S1089R05,170.75,142.03,53.34,ok
S1089R06,170.47,150.85,55.66,ok
S1089R07,160.50,170.04,53.15,ok
S1090L01,158.62,146.25,42.02,ok
S1090L02,182.00,153.00,42.43,ok
S1090L03,166.73,143.01,39.26,ok
S1090L04,186.00,150.00,40.31,ok
S1090L05,159.30,140.52,40.02,ok
S1090L06,167.72,161.94,42.23,ok
S1090L07,145.42,138.71,38.84,ok
S1090R01,161.50,141.76,45.38,ok
S1090R02,154.30,144.13,45.56,ok
S1090R03,172.36,135.99,44.14,ok
S1090R04,164.42,149.20,44.05,ok
S1090R05,161.62,141.55,46.89,ok
S1090R06,176.50,149.00,43.66,ok
S1090R07,179.55,162.22,46.25,ok
S1091L01,165.93,164.09,53.82,ok
S1091L02,157.50,172.00,52.15,ok
S1091L03,137.07,164.13,52.78,ok
S1091R01,155.16,166.80,47.69,ok
S1091R02,172.00,148.50,43.91,ok
S1091R03,154.93,146.57,48.60,ok
S1091R04,181.50,136.31,47.90,ok
S1091R05,175.21,159.46,47.56,ok
S1091R06,182.87,169.36,49.16,ok
S1092L01,181.68,160.27,51.58,ok
S1092L02,167.17,180.17,41.01,ok
S1092L03,176.10,167.97,52.46,ok
S1092L04,177.21,157.29,51.04,ok
S1092L05,163.00,164.00,50.25,ok
S1092L06,185.76,160.42,47.61,ok
S1092L07,162.65,177.97,45.51,ok
S1092L08,170.20,180.75,42.46,ok
S1092L09,166.62,183.00,42.73,ok
S1092L10,152.78,178.94,40.08,ok
S1092R01,153.73,148.16,46.66,ok
S1092R02,156.32,146.91,47.14,ok
S1092R03,146.50,161.50,57.12,ok
S1092R04,148.84,161.58,51.53,ok
S1092R05,124.00,161.50,48.79,ok
S1092R06,156.35,161.35,52.46,ok
S1092R07,135.97,167.62,48.89,ok
S1092R08,128.04,161.96,43.44,ok
S1092R09,142.22,171.78,40.80,ok
S1092R10,159.75,149.58,40.59,ok
S1093L01,135.13,156.93,50.63,ok
S1093L02,139.88,157.52,47.33,ok
S1093L03,159.63,152.15,48.65,ok
S1093L04,149.94,155.55,49.37,ok
S1093L05,152.96,164.47,51.84,ok
S1093L06,136.30,137.69,47.93,ok
S1093L07,127.12,159.79,44.58,ok
S1093L08,138.72,158.39,47.94,ok
S1093L09,139.85,157.96,47.30,ok
S1093L10,139.63,156.64,47.74,ok
S1093R01,153.99,153.02,46.98,ok
S1093R02,152.90,139.36,45.55,ok
S1093R03,124.40,149.27,45.76,ok
S1093R04,167.58,151.04,43.73,ok
S1093R05,155.62,155.76,46.04,ok
S1093R06,162.32,131.69,44.53,ok
S1093R07,166.73,148.55,45.75,ok
S1093R08,167.18,157.94,44.20,ok
S1093R09,152.50,186.50,44.91,ok
S1093R10,151.80,139.84,45.08,ok
S1094L01,158.06,161.06,43.93,ok
S1094L02,182.73,148.80,46.45,ok
S1094L03,160.15,145.77,44.66,ok
S1094L04,153.41,143.33,44.17,ok
S1094L05,171.98,149.09,41.70,ok
S1094L06,169.33,137.92,43.52,ok
S1094L07,175.33,143.60,44.45,ok
S1094R01,172.15,124.29,44.62,ok
S1094R02,153.00,124.50,46.20,ok
S1094R03,173.30,132.70,44.02,ok
S1094R04,172.00,114.25,48.26,ok
S1094R05,144.00,121.50,45.41,ok
S1094R06,159.15,123.25,44.89,ok
S1094R07,143.17,123.17,43.94,ok
S1095L01,180.05,156.49,34.03,ok
S1095L02,170.29,161.95,35.22,ok
S1095L03,205.84,154.24,37.34,ok
S1095L04,170.10,135.94,34.19,ok
S1095L05,171.40,140.53,33.25,ok
S1095L06,173.29,152.55,36.33,ok
S1095L07,153.32,145.37,36.72,ok
S1095R01,178.75,141.24,41.92,ok
S1095R02,185.09,135.57,41.88,ok
S1095R03,209.39,146.39,37.25,ok
S1095R04,184.79,141.92,40.66,ok
S1095R05,202.77,138.77,37.21,ok
S1095R06,199.08,132.18,39.65,ok
S1095R07,211.65,133.91,39.06,ok
S1096L01,175.00,150.00,30.68,ok
S1096L02,167.72,138.02,32.07,ok
S1096L03,155.34,156.95,29.37,ok
S1096L04,168.08,143.12,30.95,ok
S1096L05,164.72,153.08,28.97,ok
S1096L06,170.21,152.79,29.68,ok
S1096L07,177.88,163.13,29.02,ok
S1096R01,181.63,144.47,34.25,ok
S1096R02,197.93,143.87,33.69,ok
S1096R03,189.81,142.35,33.78,ok
S1096R04,193.67,152.01,32.07,ok
S1096R05,191.09,162.95,34.19,ok
S1096R06,191.95,161.32,32.86,ok
S1096R07,164.23,165.71,33.51,ok
S1097L01,165.41,135.84,56.22,ok
S1097L02,178.59,118.62,54.65,ok
S1097L03,177.62,136.33,52.38,ok
S1097L04,169.00,127.59,50.23,ok
S1097L05,165.88,141.98,53.47,ok
S1097L06,159.00,138.72,54.87,ok
S1097L07,158.00,118.73,52.51,ok
S1097R01,146.91,141.75,55.34,ok
S1097R02,156.39,140.01,50.12,ok
S1097R03,146.12,129.86,50.52,ok
S1097R04,155.97,145.16,49.20,ok
S1097R05,155.87,142.77,48.87,ok
S1097R06,160.50,147.37,50.21,ok
S1097R07,148.50,136.00,47.28,ok
S1098L01,159.87,146.75,35.36,ok
S1098L02,162.50,146.00,34.12,ok
S1098L03,162.00,158.47,31.51,ok
S1098L04,160.31,149.58,32.28,ok
S1098L05,172.49,157.53,32.93,ok
S1098L06,162.30,156.05,35.21,ok
S1098L07,166.11,147.78,33.37,ok
S1098R01,158.50,153.25,36.53,ok
S1098R02,165.54,144.33,34.41,ok
S1098R03,155.60,158.20,34.62,ok
S1098R04,162.36,147.48,35.80,ok
S1098R05,154.45,151.37,36.64,ok
S1098R06,168.83,151.73,37.27,ok
S1099L01,169.14,171.68,43.70,ok
S1099L02,168.00,172.94,47.32,ok
S1099L03,167.53,149.60,46.07,ok
S1099L04,163.00,167.50,43.80,ok
S1099R01,157.89,148.93,48.13,ok
S1099R02,167.65,151.93,47.24,ok
S1099R03,160.50,161.69,46.66,ok
S1099R04,173.66,146.09,45.15,ok
S1099R05,187.00,156.73,45.44,ok
S1099R06,171.12,161.14,48.85,ok
S1099R07,179.30,152.82,47.30,ok
S1100L01,158.60,153.01,50.56,ok
S1100L02,162.50,145.50,50.34,ok
S1100L03,159.35,137.00,46.75,ok
S1100L04,141.84,145.48,49.75,ok
S1100L05,154.95,149.15,47.70,ok
S1100L06,144.89,136.44,49.71,ok
S1100L07,151.07,148.42,47.12,ok
S1100R01,157.11,147.85,51.04,ok
S1100R02,154.00,142.00,50.25,ok
S1100R03,162.78,148.94,50.44,ok
S1100R04,158.96,144.05,50.61,ok
S1100R05,157.53,139.53,47.06,ok
S1100R06,162.01,137.29,49.59,ok
S1100R07,163.31,157.61,46.86,ok
S1101L01,183.04,149.51,43.91,ok
S1101L02,182.81,151.38,47.60,ok
S1101L03,171.56,141.39,39.78,ok
S1101L04,179.90,161.60,39.25,ok
S1101L05,176.50,153.00,44.78,ok
S1101L06,171.36,141.07,43.93,ok
S1101L07,164.00,142.50,45.21,ok
S1101R01,153.50,143.50,56.15,ok
S1101R02,163.42,134.92,50.21,ok
S1101R03,171.30,144.60,50.00,ok
S1101R04,174.39,141.06,51.63,ok
S1101R05,159.69,132.43,51.70,ok
S1101R06,163.50,153.50,48.65,ok
S1101R07,147.59,141.09,50.50,ok
S1102L01,178.39,156.60,37.19,ok
S1102L02,177.68,148.88,39.56,ok
S1102L03,171.50,130.06,37.00,ok
S1102L04,188.93,152.18,39.02,ok
S1102L05,176.71,152.95,36.99,ok
S1102L06,165.82,152.54,35.49,ok
S1102L07,156.58,151.90,30.14,ok
S1102R01,171.50,170.34,41.03,ok
S1102R02,180.00,149.24,38.88,ok
S1102R03,177.00,158.50,41.28,ok
S1102R04,180.42,151.83,39.56,ok
S1102R05,172.11,165.56,38.89,ok
S1102R06,148.11,162.45,40.98,ok
S1102R07,192.50,151.50,39.91,ok
S1103L01,158.75,144.20,46.90,ok
S1103L02,163.45,138.37,41.99,ok
S1103L03,173.59,147.87,43.21,ok
S1103L04,150.33,149.72,44.39,ok
S1103L05,175.39,128.62,42.87,ok
S1103L06,155.05,133.84,39.39,ok
S1103L07,180.12,138.82,38.84,ok
S1103R01,167.43,135.43,34.87,ok
S1103R02,163.50,132.00,42.24,ok
S1103R03,167.34,129.64,44.43,ok
S1103R04,175.50,153.66,42.02,ok
S1103R05,170.50,146.15,43.50,ok
S1103R06,163.50,145.48,43.55,ok
S1103R07,159.95,144.20,42.39,ok
S1104L01,173.71,173.24,50.52,ok
S1104L02,168.84,162.74,46.11,ok
S1104L03,161.32,150.84,49.18,ok
S1104L04,146.39,169.81,45.63,ok
S1104L05,181.63,166.64,48.66,ok
S1104L06,162.72,162.65,46.84,ok
S1104L07,146.95,159.47,49.31,ok
S1104L08,188.73,176.85,45.28,ok
S1104L09,160.92,187.75,45.96,ok
S1104L10,168.00,183.50,49.33,ok
S1104R01,169.65,172.70,41.95,ok
S1104R02,134.09,175.66,43.07,ok
S1104R03,132.00,163.11,44.29,ok
S1104R04,140.50,169.00,45.62,ok
S1104R05,160.31,168.45,41.84,ok
S1104R06,153.50,165.50,40.03,ok
S1104R07,135.27,175.92,40.33,ok
S1104R08,148.41,190.03,44.12,ok
S1104R09,128.90,163.82,42.87,ok
S1104R10,146.00,191.50,42.69,ok
S1105L01,172.09,150.11,38.97,ok
S1105L02,171.41,154.67,39.11,ok
S1105L03,179.07,153.98,40.80,ok
S1105L04,176.61,149.96,40.67,ok
S1105L05,185.34,142.09,41.94,ok
S1105L06,191.38,152.53,42.81,ok
S1105L07,188.00,141.05,43.24,ok
S1105R01,169.79,158.87,50.37,ok
S1105R02,156.00,126.50,47.61,ok
S1105R03,147.81,131.16,46.29,ok
S1105R04,174.08,144.31,45.86,ok
S1105R05,140.67,147.78,45.23,ok
S1105R06,166.38,142.14,47.40,ok
S1105R07,149.50,146.50,39.30,ok
S1106L01,146.82,131.20,48.28,ok
S1106L02,180.92,149.68,51.93,ok
S1106L03,172.00,165.66,51.14,ok
S1106L04,176.78,150.24,48.56,ok
S1106L05,149.06,137.64,48.04,ok
S1106L06,156.00,151.50,46.81,ok
S1106L07,167.40,144.04,45.98,ok
S1106R01,171.19,139.03,47.52,ok
S1106R02,177.63,132.58,46.61,ok
S1106R03,166.74,140.85,47.96,ok
S1106R04,158.96,139.12,47.98,ok
S1106R05,161.36,158.72,50.03,ok
S1106R06,145.55,134.78,52.08,ok
S1106R07,164.14,141.18,47.22,ok
S1107L01,168.90,145.18,34.56,ok
S1107L02,167.83,136.50,35.87,ok
S1107L03,159.84,146.81,37.50,ok
S1107L04,164.64,117.52,35.63,ok
S1107L05,164.20,132.96,37.66,ok
S1107L06,157.52,142.04,36.13,ok
S1107L07,174.15,156.90,36.54,ok
S1107R01,156.36,134.71,45.74,ok
S1107R02,145.08,143.16,45.13,ok
S1107R03,152.05,137.61,42.73,ok
S1107R04,131.57,150.95,42.32,ok
S1107R05,153.47,142.40,46.07,ok
S1107R06,165.50,159.50,45.44,ok
S1107R07,156.01,162.20,45.50,ok
S1108L01,162.12,128.52,43.06,ok
S1108L02,145.29,139.32,41.78,ok
S1108L03,163.76,145.96,41.55,ok
S1108L04,174.78,140.89,46.89,ok
S1108L05,159.95,137.43,41.71,ok
S1108L06,150.36,121.75,43.17,ok
S1108R01,178.26,135.03,53.23,ok
S1108R02,162.62,145.49,47.79,ok
S1108R03,158.42,151.04,45.31,ok
S1108R04,157.12,140.65,48.74,ok
S1108R05,174.82,144.18,47.76,ok
S1108R06,163.14,134.61,48.43,ok
S1109L01,161.84,134.14,58.86,ok
S1109L02,155.50,118.50,57.87,ok
S1109L03,179.00,129.50,57.81,ok
S1109L04,158.85,115.29,55.98,ok
S1109L05,164.81,146.50,55.51,ok
S1109L06,168.47,117.98,55.21,ok
S1109R01,179.28,150.95,62.88,ok
S1109R02,184.79,134.34,58.20,ok
S1109R03,186.43,131.34,60.70,ok
S1109R04,168.00,134.00,61.59,ok
S1109R05,186.00,128.00,58.18,ok
S1109R06,174.61,132.60,59.53,ok
S1109R07,170.70,132.30,58.48,ok
S1110L01,176.00,154.19,37.67,ok
S1110L02,167.70,161.10,35.73,ok
S1110L03,149.77,163.73,40.49,ok
S1110L04,155.50,177.56,39.97,ok
S1110L05,172.43,173.28,35.89,ok
S1110L06,137.40,160.11,36.48,ok
S1110L07,134.84,162.09,36.58,ok
S1110R01,188.80,128.94,45.80,ok
S1110R02,170.00,138.00,45.28,ok
S1110R03,152.50,132.48,40.55,ok
S1110R04,146.00,132.93,45.11,ok
S1110R05,131.35,137.85,44.21,ok
S1110R06,147.56,133.87,40.03,ok
S1110R07,144.50,145.72,41.96,ok
S1111L01,156.13,128.65,43.50,ok
S1111L02,175.17,122.37,44.33,ok
S1111L03,164.75,133.61,41.41,ok
S1111L04,161.09,126.45,40.04,ok
S1111L05,166.50,134.50,44.32,ok
S1111L06,179.21,113.88,43.18,ok
S1111L07,151.27,122.05,43.04,ok
S1111R01,162.23,136.31,48.60,ok
S1111R02,145.85,138.43,47.09,ok
S1111R03,157.27,136.31,46.93,ok
S1111R04,147.50,111.50,45.04,ok
S1111R05,149.98,124.82,44.81,ok
S1111R06,141.27,118.46,47.77,ok
S1111R07,151.15,130.64,46.49,ok
S1112L01,185.85,144.50,31.18,ok
S1112L02,195.24,129.18,32.29,ok
S1112L03,191.19,120.73,33.40,ok
S1112L04,189.50,120.00,32.10,ok
S1112L05,184.57,119.00,31.82,ok
S1112L06,197.72,123.69,28.52,ok
S1112L07,189.69,117.50,30.03,ok
S1112R01,138.76,157.72,36.10,ok
S1112R02,150.53,123.41,38.96,ok
S1112R03,145.98,134.06,38.63,ok
S1112R04,182.16,150.44,36.43,ok
S1112R05,193.30,124.85,41.87,ok
S1112R06,197.84,122.00,38.17,ok
S1112R07,201.43,118.89,35.11,ok
S1113L01,144.50,134.86,49.87,ok
S1113L02,182.80,149.30,50.35,ok
S1113L03,176.00,133.92,43.49,ok
S1113L04,166.02,122.42,45.69,ok
S1113L05,152.50,143.92,44.56,ok
S1113L06,161.00,146.08,40.53,ok
S1113L07,194.00,145.83,41.61,ok
S1113R01,177.26,132.40,48.80,ok
S1113R02,156.22,137.47,47.02,ok
S1113R03,183.16,140.98,45.54,ok
S1113R04,181.86,134.08,46.65,ok
S1113R05,163.00,125.37,47.89,ok
S1113R06,163.41,138.07,45.41,ok
S1113R07,163.60,139.79,47.76,ok
S1114L01,173.95,126.32,36.91,ok
S1114L02,172.05,121.34,36.35,ok
S1114L03,161.16,134.61,35.09,ok
S1114L04,177.16,140.22,38.35,ok
S1114L05,150.23,129.25,34.15,ok
S1114L06,173.48,142.00,36.09,ok
S1114L07,166.50,127.34,40.04,ok
S1114R01,149.71,129.39,35.94,ok
S1114R02,159.00,123.50,39.13,ok
S1114R03,146.29,115.67,37.87,ok
S1114R04,172.00,127.85,40.16,ok
S1114R05,166.68,144.90,38.90,ok
S1114R06,139.66,140.24,37.62,ok
S1114R07,157.12,135.87,40.68,ok
S1115L01,154.48,139.99,54.69,ok
S1115L02,168.68,151.89,56.14,ok
S1115L03,173.50,152.50,54.39,ok
S1115L04,156.32,145.40,50.42,ok
S1115L05,168.37,145.97,54.45,ok
S1115L06,185.46,124.89,48.05,ok
S1115L07,132.88,148.41,60.81,ok
S1115L08,153.07,148.94,58.90,ok
S1115L09,147.51,146.04,58.54,ok
S1115L10,165.00,150.58,59.42,ok
S1115R01,164.15,133.29,49.76,ok
S1115R02,136.20,150.39,44.65,ok
S1115R03,151.46,143.18,46.52,ok
S1115R04,164.23,150.57,46.36,ok
S1115R05,156.56,155.32,45.78,ok
S1115R06,161.50,149.85,47.91,ok
S1115R07,143.67,152.55,49.67,ok
S1115R08,158.91,150.23,49.01,ok
S1115R09,154.24,156.08,45.22,ok
S1115R10,122.08,141.69,45.86,ok
S1116L01,144.58,159.52,38.94,ok
S1116L02,165.72,169.30,38.44,ok
S1116L03,177.00,158.00,38.83,ok
S1116L04,152.28,162.66,40.52,ok
S1116L05,170.04,167.14,40.46,ok
S1116L06,175.65,153.63,40.31,ok
S1116L07,182.00,158.66,41.90,ok
S1116R01,125.27,151.93,38.30,ok
S1116R02,142.06,175.97,39.97,ok
S1116R03,149.00,158.50,41.80,ok
S1116R04,147.87,174.71,40.92,ok
S1116R05,164.00,140.00,40.31,ok
S1116R06,151.20,163.26,39.99,ok
S1116R07,136.74,176.97,40.05,ok
S1117L01,124.57,139.95,39.30,ok
S1117L02,157.11,143.08,40.13,ok
S1117L03,147.99,158.24,41.54,ok
S1117L04,155.63,148.79,39.02,ok
S1117L05,159.96,132.02,39.99,ok
S1117L06,155.60,127.74,40.78,ok
S1117L07,163.80,138.94,36.05,ok
S1117R01,174.06,131.53,44.74,ok
S1117R02,181.59,146.03,44.51,ok
S1117R03,173.42,138.46,40.99,ok
S1117R04,187.00,131.00,43.97,ok
S1117R05,195.43,127.22,40.89,ok
S1117R06,177.06,124.56,45.20,ok
S1117R07,180.82,125.39,42.62,ok
S1118L01,165.50,119.50,52.45,ok
S1118L02,156.26,131.87,51.75,ok
S1118L03,175.08,132.91,51.74,ok
S1118L04,171.00,144.02,51.64,ok
S1118L05,170.50,144.00,51.91,ok
S1118L06,171.00,131.68,50.48,ok
S1118L07,169.48,122.68,53.38,ok
S1118R01,142.27,135.40,54.61,ok
S1118R02,150.61,131.71,53.74,ok
S1118R03,162.23,135.34,54.96,ok
S1118R04,162.65,113.00,54.00,ok
S1118R05,159.72,135.89,54.15,ok
S1118R06,164.72,109.50,52.33,ok
S1118R07,162.50,118.00,54.28,ok
S1119L01,180.78,154.45,53.98,ok
S1119L02,177.69,155.08,50.37,ok
S1119L03,172.95,155.08,40.26,ok
S1119L04,169.48,186.57,56.07,ok
S1119L05,184.50,184.00,53.96,ok
S1119L06,180.21,189.48,47.57,ok
S1119L07,176.47,182.76,49.96,ok
S1119R01,162.73,164.46,53.53,ok
S1119R02,156.50,168.00,43.30,ok
S1119R03,156.50,155.00,48.90,ok
S1119R04,164.66,167.77,49.61,ok
S1119R05,149.01,161.32,48.17,ok
S1119R06,152.80,168.61,45.21,ok
S1119R07,149.07,157.20,47.33,ok
S1120L01,146.00,147.09,47.77,ok
S1120L02,145.00,148.22,45.49,ok
S1120L03,147.50,163.92,46.53,ok
S1120L04,160.00,162.59,41.19,ok
S1120L05,154.00,157.50,39.13,ok
S1120L06,154.00,156.45,42.56,ok
S1120L07,169.50,147.50,43.34,ok
S1120R01,181.50,139.57,54.27,ok
S1120R02,184.00,146.62,49.87,ok
S1120R03,174.32,137.39,50.15,ok
S1120R04,175.80,143.85,49.54,ok
S1120R05,179.00,143.00,48.66,ok
S1120R06,173.50,137.55,46.77,ok
S1120R07,174.50,151.38,46.84,ok
S1121L01,140.94,130.89,36.32,ok
S1121L02,186.06,135.81,35.32,ok
S1121L03,165.00,135.52,37.53,ok
S1121L04,187.50,128.00,33.84,ok
S1121L05,152.66,138.46,34.56,ok
S1121L06,163.07,131.91,32.83,ok
S1121L07,152.38,131.85,29.84,ok
S1121R01,157.58,160.58,48.02,ok
S1121R02,155.81,147.70,42.03,ok
S1121R03,152.67,132.92,41.63,ok
S1121R04,154.77,164.48,39.49,ok
S1121R05,153.83,137.34,38.10,ok
S1121R06,146.73,144.72,42.82,ok
S1122L01,184.06,134.06,37.72,ok
S1122L02,164.72,150.98,37.27,ok
S1122L03,177.50,139.50,38.43,ok
S1122L04,147.86,154.92,38.45,ok
S1122L05,175.89,128.28,38.67,ok
S1122L06,139.16,146.46,37.59,ok
S1122L07,175.17,141.52,39.01,ok
S1122R01,129.00,149.50,42.26,ok
S1122R02,136.00,127.00,42.54,ok
S1122R03,139.76,148.08,39.18,ok
S1122R04,151.89,142.18,38.50,ok
S1122R05,136.25,142.30,40.21,ok
S1122R06,143.25,129.00,37.87,ok
S1122R07,142.18,148.28,37.35,ok
S1123L01,162.62,156.69,43.51,ok
S1123L02,172.97,136.77,42.36,ok
S1123L03,157.55,135.39,42.69,ok
S1123L04,159.66,140.66,43.17,ok
S1123L05,179.32,135.59,40.60,ok
S1123L06,164.19,138.78,40.26,ok
S1123L07,142.59,124.54,39.28,ok
S1123R01,160.51,128.11,48.03,ok
S1123R02,172.13,133.87,47.20,ok
S1123R03,157.55,128.15,47.33,ok
S1123R04,162.48,131.42,45.58,ok
S1123R05,168.61,131.94,46.53,ok
S1123R06,166.46,134.90,45.83,ok
S1123R07,153.67,129.08,46.31,ok
S1124L01,192.73,125.66,33.82,ok
S1124L02,166.50,139.56,35.73,ok
S1124L03,151.00,141.31,32.45,ok
S1124L04,149.00,140.71,32.30,ok
S1124L05,142.50,141.02,32.02,ok
S1124L06,147.01,142.30,31.10,ok
S1124L07,141.86,143.27,30.89,ok
S1124R01,168.83,143.18,37.86,ok
S1124R02,149.07,132.67,37.99,ok
S1124R03,148.15,127.88,36.84,ok
S1124R04,166.00,135.06,38.27,ok
S1124R05,158.23,143.14,35.25,ok
S1124R06,154.34,157.98,35.61,ok
S1124R07,136.24,161.92,40.96,ok
S1125L01,173.81,140.72,45.02,ok
S1125L02,171.12,164.08,40.71,ok
S1125L03,127.66,149.66,42.30,ok
S1125L04,140.68,152.47,42.24,ok
S1125L05,134.77,173.45,45.29,ok
S1125L06,151.43,146.25,40.27,ok
S1125L07,146.50,143.50,38.06,ok
S1125L08,178.89,132.29,38.77,ok
S1125L09,167.04,171.64,34.36,ok
S1125L10,166.33,142.17,40.17,ok
S1125R01,136.07,156.93,42.11,ok
S1125R02,155.39,143.61,39.15,ok
S1125R03,114.89,140.28,36.95,ok
S1125R04,149.03,146.14,43.11,ok
S1125R05,154.35,155.22,39.96,ok
S1125R06,141.21,160.79,41.71,ok
S1125R07,173.81,151.37,46.02,ok
S1125R08,166.57,153.54,39.63,ok
S1125R09,157.50,138.00,38.90,ok
S1125R10,155.91,150.92,38.95,ok
S1126L01,178.00,141.50,28.74,ok
S1126L02,144.00,140.00,30.59,ok
S1126L03,136.50,127.50,26.73,ok
S1126L04,139.05,134.94,31.36,ok
S1126L05,159.59,136.50,28.94,ok
S1126L06,151.00,145.67,28.57,ok
S1126L07,166.44,146.36,29.00,ok
S1126R01,145.22,144.18,37.17,ok
S1126R02,141.00,155.50,34.92,ok
S1126R03,155.50,138.50,34.12,ok
S1126R04,169.00,122.83,33.20,ok
S1126R05,158.00,139.00,32.76,ok
S1126R06,159.84,131.40,33.80,ok
S1126R07,155.63,128.27,30.47,ok
S1127L01,165.00,140.66,44.07,ok
S1127L02,133.83,145.70,36.62,ok
S1127L03,162.82,144.85,41.57,ok
S1127L04,159.07,135.92,35.95,ok
S1127L05,134.11,143.44,38.89,ok
S1127L06,140.87,154.57,40.21,ok
S1127R01,179.67,113.54,52.84,ok
S1127R02,184.12,126.74,47.34,ok
S1127R03,161.74,125.95,47.84,ok
S1127R04,165.96,127.20,48.94,ok
S1127R05,164.79,132.07,45.87,ok
S1127R06,165.77,120.85,44.53,ok
S1127R07,153.00,134.50,45.21,ok
S1128L01,127.14,164.69,48.56,ok
S1128L02,157.06,167.53,38.17,ok
S1128L03,159.47,155.32,39.14,ok
S1128L04,166.13,141.13,40.18,ok
S1128L05,162.00,152.50,38.42,ok
S1128L06,168.42,149.42,40.02,ok
S1128L07,162.73,140.73,42.25,ok
S1128R01,209.94,108.04,36.33,ok
S1128R02,199.23,116.13,34.98,ok
S1128R03,178.53,139.15,37.42,ok
S1128R04,171.39,146.58,43.28,ok
S1128R05,145.18,140.76,42.44,ok
S1129L01,154.33,157.97,40.70,ok
S1129L02,194.47,164.92,40.45,ok
S1129L03,150.36,167.46,50.39,ok
S1129L04,172.17,155.87,38.48,ok
S1129L05,178.74,149.47,34.94,ok
S1129L06,170.79,119.25,47.19,ok
S1129L07,175.40,147.31,36.91,ok
S1129R01,139.50,146.39,41.76,ok
S1129R02,158.86,145.76,40.53,ok
S1129R03,162.82,144.89,37.25,ok
S1129R04,149.43,127.71,51.40,ok
S1129R05,142.23,166.64,39.64,ok
S1129R06,147.00,173.32,33.07,ok
S1129R07,150.67,145.18,39.92,ok
S1130L01,165.61,129.59,50.93,ok
S1130L02,162.65,137.65,50.95,ok
S1130L03,156.15,137.86,49.05,ok
S1130L04,157.32,146.09,47.83,ok
S1130L05,168.94,147.04,46.94,ok
S1130L06,163.84,144.40,48.04,ok
S1130L07,171.50,162.87,48.87,ok
S1130R01,113.00,118.07,53.53,ok
S1130R02,130.50,141.36,52.76,ok
S1130R03,122.50,134.31,51.72,ok
S1130R04,120.50,140.00,48.75,ok
S1130R05,143.50,137.50,51.62,ok
S1130R06,150.00,146.71,51.33,ok
S1130R07,148.50,138.16,48.59,ok
S1131L01,167.54,130.02,51.25,ok
S1131L02,172.84,124.80,50.79,ok
S1131L03,151.29,119.76,48.29,ok
S1131L04,151.00,119.00,45.88,ok
S1131L05,165.57,112.23,48.15,ok
S1131L06,168.16,111.68,45.28,ok
S1131L07,174.09,109.50,46.69,ok
S1131R01,151.80,149.50,52.49,ok
S1131R02,153.18,140.71,53.38,ok
S1131R03,157.37,125.53,49.37,ok
S1131R04,170.70,146.00,49.95,ok
S1131R05,178.50,133.50,41.60,ok
S1132L01,183.36,128.85,42.40,ok
S1132L02,167.84,127.78,41.50,ok
S1132L03,171.81,140.84,44.18,ok
S1132L04,153.20,136.39,40.75,ok
S1132L05,163.86,133.41,41.45,ok
S1132L06,142.14,165.07,41.87,ok
S1132L07,155.29,152.16,40.25,ok
S1132R01,154.37,153.61,40.53,ok
S1132R02,167.84,151.76,44.67,ok
S1132R03,164.46,140.37,47.32,ok
S1132R04,169.05,146.11,46.21,ok
S1132R05,165.50,130.00,48.65,ok
S1132R06,181.32,126.12,45.93,ok
S1132R07,168.97,155.14,43.35,ok
S1133L03,206.30,132.44,54.27,ok
S1133L04,203.50,130.48,55.90,ok
S1133R01,155.00,130.50,48.87,ok
S1133R02,123.50,136.50,53.78,ok
S1133R03,136.50,128.50,55.16,ok
S1133R04,159.95,114.75,49.26,ok
S1133R05,145.00,114.31,51.93,ok
S1133R06,161.00,122.00,51.62,ok
S1133R07,166.50,127.59,51.71,ok
S1134L01,171.56,139.80,50.23,ok
S1134L02,162.23,164.39,48.19,ok
S1134L03,168.96,154.04,49.88,ok
S1134L04,162.98,175.04,49.69,ok
S1134L05,167.94,152.10,49.26,ok
S1134L06,165.34,157.34,47.96,ok
S1134L07,166.14,177.07,48.96,ok
S1134R01,136.50,144.05,49.26,ok
S1134R02,172.61,132.06,49.55,ok
S1134R03,149.08,151.63,49.01,ok
S1134R04,161.90,124.57,47.60,ok
S1134R05,165.19,137.95,49.48,ok
S1134R06,162.51,120.28,48.38,ok
S1134R07,164.43,141.88,48.68,ok
S1135L01,162.66,139.35,48.26,ok
S1135L02,173.50,137.50,46.95,ok
S1135L03,143.98,128.33,48.18,ok
S1135L04,165.57,118.33,44.81,ok
S1135L05,131.49,148.57,46.04,ok
S1135L06,146.57,175.78,47.22,ok
S1135L07,153.44,146.12,46.20,ok
S1135R01,149.00,107.65,46.05,ok
S1135R02,146.11,120.54,45.15,ok
S1135R03,150.00,107.00,45.28,ok
S1135R04,147.00,125.56,46.83,ok
S1135R05,136.00,124.56,45.83,ok
S1135R06,169.47,118.93,45.41,ok
S1135R07,156.88,130.16,45.25,ok
S1136L01,167.33,151.91,44.22,ok
S1136L02,173.00,149.75,45.65,ok
S1136L03,173.58,143.99,41.39,ok
S1136L04,161.13,156.56,41.07,ok
S1136L05,168.60,159.62,41.29,ok
S1136L06,163.50,163.00,40.39,ok
S1136L07,151.32,148.39,50.15,ok
S1136L08,163.50,160.50,48.25,ok
S1136L09,178.11,162.54,47.64,ok
S1136L10,157.27,154.36,47.98,ok
S1136R01,160.35,138.86,45.04,ok
S1136R02,169.43,141.69,40.47,ok
S1136R03,181.99,146.03,40.28,ok
S1136R04,164.78,139.59,39.91,ok
S1136R05,176.43,147.93,39.97,ok
S1136R06,181.38,144.44,41.98,ok
S1136R07,156.70,134.25,47.89,ok
S1136R08,166.03,138.64,44.98,ok
S1136R09,155.37,130.32,44.69,ok
S1136R10,147.00,123.50,45.41,ok
S1137L01,162.89,161.71,46.99,ok
S1137L02,173.00,158.50,42.24,ok
S1137L03,163.50,160.00,41.68,ok
S1137L04,172.89,174.86,41.61,ok
S1137L05,154.66,155.32,43.20,ok
S1137L06,195.00,158.26,39.37,ok
S1137L07,187.50,172.00,39.71,ok
S1137R01,162.98,180.19,45.71,ok
S1137R02,167.68,177.12,46.82,ok
S1137R03,161.97,184.29,42.48,ok
S1137R04,165.12,167.19,41.99,ok
S1137R05,160.35,165.16,42.21,ok
S1137R06,150.19,166.03,42.43,ok
S1137R07,154.68,165.56,43.77,ok
S1138L01,162.50,142.44,46.89,ok
S1138L02,159.68,144.81,50.26,ok
S1138L03,160.76,151.32,50.71,ok
S1138L04,165.85,144.98,51.48,ok
S1138L05,163.09,147.75,47.62,ok
S1138L06,177.57,131.33,46.14,ok
S1138L07,171.70,139.13,49.27,ok
S1138R01,132.12,127.53,50.15,ok
S1138R02,158.24,134.89,50.74,ok
S1138R03,161.50,137.00,52.74,ok
S1138R04,154.50,153.50,49.91,ok
S1138R05,154.10,146.30,51.05,ok
S1138R06,141.74,162.29,50.99,ok
S1138R07,153.81,146.73,46.57,ok
S1139L01,200.01,141.04,45.32,ok
S1139L02,196.03,139.15,41.64,ok
S1139L03,204.50,135.50,42.57,ok
S1139L04,198.19,156.09,39.01,ok
S1139L05,205.65,139.24,43.32,ok
S1139L06,204.60,131.00,41.38,ok
S1139R01,130.50,136.50,53.78,ok
S1139R02,153.51,131.38,51.70,ok
S1139R05,137.50,133.92,45.54,ok
S1139R06,155.98,159.15,42.87,ok
S1139R07,140.38,153.62,40.72,ok
S1140L01,167.95,165.23,38.09,ok
S1140L02,168.67,132.67,36.63,ok
S1140L03,172.50,155.06,35.23,ok
S1140L04,190.50,145.00,40.67,ok
S1140L05,190.52,150.96,38.51,ok
S1140L06,179.43,145.02,35.61,ok
S1140L07,170.28,153.06,41.00,ok
S1140R01,149.44,151.04,43.60,ok
S1140R02,155.88,140.08,41.75,ok
S1140R03,157.25,138.42,45.43,ok
S1140R04,179.06,139.87,42.87,ok
S1140R05,185.35,131.75,41.46,ok
S1140R06,153.10,139.39,42.40,ok
S1140R07,163.82,144.93,42.16,ok
S1141L01,190.99,154.46,30.61,ok
S1141L02,171.82,159.77,32.19,ok
S1141L03,163.12,157.88,30.49,ok
S1141L04,156.50,177.50,27.61,ok
S1141L05,155.85,163.77,30.62,ok
S1141L06,150.00,157.00,32.02,ok
S1141R01,141.19,170.91,34.02,ok
S1141R02,145.00,161.42,38.63,ok
S1141R03,141.00,160.00,42.72,ok
S1141R04,152.01,148.79,34.92,ok
S1141R05,154.09,134.26,35.63,ok
S1141R06,157.28,164.44,32.78,ok
S1142L01,186.16,172.95,41.15,ok
S1142L02,169.20,165.17,45.54,ok
S1142L03,190.86,122.96,41.80,ok
S1142L04,178.40,170.15,45.07,ok
S1142L05,157.00,169.50,43.25,ok
S1142L06,201.51,168.75,43.32,ok
S1142L07,172.31,148.74,45.10,ok
S1142R01,147.54,123.96,45.52,ok
S1142R02,174.94,130.95,49.32,ok
S1142R03,144.50,126.00,47.76,ok
S1142R04,180.79,138.61,51.76,ok
S1142R05,166.50,143.50,48.44,ok
S1142R06,173.29,152.03,48.20,ok
S1142R07,167.01,113.85,45.37,ok
S1143L01,155.86,139.65,40.47,ok
S1143L02,160.00,136.50,42.09,ok
S1143L03,154.50,132.00,40.70,ok
S1143L04,180.54,137.31,41.91,ok
S1143L05,180.76,139.67,39.00,ok
S1143L06,153.46,146.39,41.98,ok
S1143L07,180.50,148.00,40.89,ok
S1143R01,182.00,134.00,38.83,ok
S1143R02,174.53,137.93,39.46,ok
S1143R03,173.57,119.76,40.28,ok
S1143R04,184.15,121.47,41.30,ok
S1143R05,178.28,145.13,40.15,ok
S1143R06,179.91,134.64,39.48,ok
S1143R07,153.79,131.40,38.21,ok
S1144L01,148.50,138.07,51.48,ok
S1144L02,162.42,136.15,51.27,ok
S1144L03,164.77,152.30,49.09,ok
S1144L04,172.50,147.50,47.46,ok
S1144L05,168.97,149.27,47.27,ok
S1144L06,170.12,149.03,46.57,ok
S1144L07,170.23,146.41,46.42,ok
S1144R01,139.36,134.89,43.11,ok
S1144R02,141.93,140.17,42.62,ok
S1144R03,157.78,141.70,54.86,ok
S1144R04,140.44,163.06,41.19,ok
S1144R05,158.98,131.63,54.96,ok
S1144R06,167.44,140.63,42.43,ok
S1144R07,142.58,150.17,43.68,ok
S1145L01,160.66,156.61,48.39,ok
S1145L02,177.33,165.19,48.17,ok
S1145L03,176.43,158.53,45.91,ok
S1145L04,166.14,149.84,43.56,ok
S1145L05,165.50,159.50,49.34,ok
S1145L06,161.26,149.17,45.93,ok
S1145L07,162.52,168.57,47.20,ok
S1145R01,141.00,120.50,57.19,ok
S1145R02,171.63,143.37,53.21,ok
S1145R03,161.10,141.90,56.87,ok
S1145R04,165.34,146.62,54.71,ok
S1145R05,173.16,119.93,56.74,ok
S1145R06,163.20,152.64,54.46,ok
S1145R07,162.57,154.76,54.46,ok
S1146L01,173.50,150.57,43.91,ok
S1146L02,177.50,153.50,43.64,ok
S1146L03,169.22,150.83,37.97,ok
S1146L04,168.38,159.24,37.03,ok
S1146L05,180.00,158.00,41.44,ok
S1146L06,169.94,157.87,43.06,ok
S1146L07,167.49,148.67,39.06,ok
S1146R01,158.00,148.00,51.66,ok
S1146R02,161.34,142.81,48.42,ok
S1146R03,175.50,129.58,48.17,ok
S1146R04,161.79,126.92,48.10,ok
S1146R05,168.00,125.00,49.50,ok
S1146R06,164.50,135.92,46.14,ok
S1146R07,155.06,146.87,43.56,ok
S1147R01,180.47,157.23,38.27,ok
S1147R02,184.24,167.61,38.17,ok
S1147R03,158.90,159.10,36.02,ok
S1147R04,166.93,167.00,35.81,ok
S1147R05,147.43,163.49,34.27,ok
S1148L01,170.50,160.00,32.19,ok
S1148L02,169.00,157.82,31.96,ok
S1148L03,172.45,156.30,31.20,ok
S1148L04,185.00,150.00,31.78,ok
S1148L05,167.00,149.85,33.39,ok
S1148L06,176.42,140.78,32.26,ok
S1148L07,168.50,141.50,31.98,ok
S1148R01,154.03,143.14,34.66,ok
S1148R02,163.00,150.00,34.71,ok
S1148R03,152.00,138.36,34.88,ok
S1148R04,165.50,136.94,33.25,ok
S1148R05,155.50,133.16,34.46,ok
S1148R06,161.17,144.83,35.21,ok
S1148R07,167.50,150.09,35.51,ok
S1149L01,174.04,167.52,34.78,ok
S1149L02,174.31,156.36,37.34,ok
S1149L03,177.85,152.31,37.39,ok
S1149L04,171.03,133.92,38.09,ok
S1149L05,172.71,147.58,38.12,ok
S1149L06,164.18,137.30,36.73,ok
S1149L07,164.44,143.65,36.12,ok
S1149R01,142.24,132.28,39.76,ok
S1149R02,169.00,147.50,38.34,ok
S1149R03,154.13,176.21,38.66,ok
S1149R04,146.72,149.87,38.56,ok
S1149R05,121.00,155.50,38.82,ok
S1149R06,125.97,142.01,37.67,ok
S1149R07,142.86,149.35,37.48,ok
S1150L03,126.00,125.99,60.43,ok
S1150L04,126.00,124.00,61.29,ok
S1150L05,131.50,127.20,62.25,ok
S1151L01,160.00,118.50,37.03,ok
S1152L02,160.69,134.52,37.72,ok
S1152L03,141.86,152.29,37.60,ok
S1152L04,137.24,132.45,36.18,ok
S1152L05,165.00,168.50,37.37,ok
S1153L01,191.24,114.65,33.76,ok
S1153L02,164.71,115.27,34.84,ok
S1153L03,150.48,99.57,33.28,ok
S1153L04,180.00,112.25,34.77,ok
S1153L05,160.34,89.85,36.25,ok
S1154L01,158.50,113.43,52.97,ok
S1154L02,152.00,112.00,56.22,ok
S1154L04,151.30,105.67,52.98,ok
S1154L05,155.74,110.72,52.30,ok
S1155L01,131.28,103.78,43.03,ok
S1155L02,170.71,79.43,44.87,ok
S1155L03,150.97,94.77,44.18,ok
S1156L01,173.53,148.66,46.12,ok
S1156L02,166.38,133.21,45.66,ok
S1156L03,164.38,151.98,42.27,ok
S1156L04,169.24,160.21,44.65,ok
S1156L05,149.00,144.27,46.27,ok
S1156L06,176.73,136.95,48.93,ok
S1156L07,144.35,157.77,49.86,ok
S1156L08,129.08,125.44,49.28,ok
S1156L09,139.85,121.03,48.07,ok
S1156R01,146.00,153.68,47.14,ok
S1156R02,157.53,131.07,46.15,ok
S1156R03,130.92,140.52,44.27,ok
S1156R04,140.72,120.09,45.86,ok
S1156R05,118.98,149.85,48.45,ok
S1156R06,162.75,122.75,43.95,ok
S1157R01,129.45,134.51,50.09,ok
S1157R02,150.22,126.03,46.39,ok
S1157R03,142.09,128.51,43.75,ok
S1157R04,177.10,143.35,40.26,ok
S1157R05,144.50,145.50,43.62,ok
S1157R06,121.35,129.00,46.23,ok
S1157R07,142.70,119.38,46.86,ok
S1157R08,147.51,127.72,47.89,ok
S1157R09,179.66,123.35,45.51,ok
S1157R10,130.50,114.50,44.03,ok
S1158R01,168.57,171.67,49.09,ok
S1158R02,168.95,138.70,49.95,ok
S1158R03,183.06,165.09,46.26,ok
S1158R04,163.10,155.49,48.01,ok
S1158R05,165.98,154.64,49.39,ok
S1159L01,137.25,146.50,50.88,ok
S1159L02,130.49,124.46,55.96,ok
S1159L03,147.43,164.15,56.78,ok
S1159L04,139.98,135.81,55.47,ok
S1159L05,130.03,139.21,53.02,ok
S1159L06,142.33,126.17,57.18,ok
S1159L07,134.41,148.64,60.72,ok
S1159L08,147.45,130.10,58.05,ok
S1159L09,151.16,116.58,56.68,ok
S1159L10,148.50,113.50,59.11,ok
S1159R01,142.08,130.69,57.17,ok
S1159R02,162.70,131.42,60.65,ok
S1159R03,161.28,110.95,53.32,ok
S1159R04,160.00,128.50,55.06,ok
S1159R05,171.45,142.71,48.04,ok
S1159R06,142.10,138.24,47.63,ok
S1159R07,165.62,122.03,55.52,ok
S1159R08,127.16,119.37,69.93,ok
S1159R09,148.23,125.49,62.41,ok
S1160L01,129.02,128.98,34.04,ok
S1160L02,133.59,128.06,40.90,ok
S1160L03,151.28,149.44,32.60,ok
S1160L04,154.50,137.00,30.65,ok
S1160L05,143.00,143.00,36.40,ok
S1160L06,160.15,144.34,34.68,ok
S1160L07,157.53,138.83,43.75,ok
S1160L08,144.27,133.66,36.82,ok
S1160L09,153.89,134.48,40.42,ok
S1160L10,140.53,138.40,41.97,ok
S1160R01,149.95,130.91,37.54,ok
S1160R02,147.50,157.00,39.51,ok
S1160R03,150.06,151.98,35.50,ok
S1160R04,130.35,141.99,31.92,ok
S1160R05,137.03,140.86,34.66,ok
S1160R06,153.82,144.82,35.26,ok
S1160R07,143.30,146.83,38.36,ok
S1161L01,172.35,157.79,42.25,ok
S1161L02,136.00,139.13,46.14,ok
S1161L03,126.42,139.92,41.22,ok
S1161L04,148.13,140.03,41.29,ok
S1161L05,119.19,140.27,41.03,ok
S1161L06,127.86,147.53,38.81,ok
S1161L07,148.74,146.15,44.93,ok
S1161L08,124.54,156.04,45.52,ok
S1161L09,133.24,142.02,47.10,ok
S1161L10,135.00,127.61,45.79,ok
S1161R01,146.90,155.20,44.28,ok
S1161R02,162.10,137.74,45.96,ok
S1161R03,178.09,142.20,38.41,ok
S1161R04,135.00,163.50,41.84,ok
S1161R05,135.07,162.15,38.44,ok
S1161R06,156.19,161.39,39.79,ok
S1161R07,138.29,138.84,48.63,ok
S1161R08,160.67,150.95,46.07,ok
S1161R09,153.60,146.33,47.66,ok
S1161R10,154.50,135.00,44.81,ok
S1162L01,176.81,137.12,38.49,ok
S1162L02,159.20,166.82,37.01,ok
S1162L03,145.97,162.50,37.84,ok
S1162L04,152.97,155.11,40.42,ok
S1162L05,141.82,142.96,37.73,ok
S1162L06,139.40,135.40,43.08,ok
S1162L07,160.53,142.87,40.13,ok
S1162L08,137.53,151.31,35.73,ok
S1162L09,144.50,134.50,33.53,ok
S1162L10,139.82,169.55,35.93,ok
S1162R01,140.21,145.04,37.66,ok
S1162R02,142.00,171.68,35.83,ok
S1162R03,124.50,184.50,40.21,ok
S1162R04,181.50,156.50,41.02,ok
S1162R05,162.50,192.10,35.70,ok
S1162R06,146.97,182.16,40.95,ok
S1162R07,126.31,153.85,36.30,ok
S1162R08,143.14,168.65,37.48,ok
S1162R09,173.70,187.25,38.65,ok
S1162R10,168.89,156.30,35.82,ok
S1163L01,135.00,136.20,49.30,ok
S1163L02,164.50,125.16,47.61,ok
S1163L03,150.50,124.84,47.29,ok
S1163L04,146.92,144.58,45.51,ok
S1163L05,156.22,130.94,46.69,ok
S1163L06,143.00,143.00,51.35,ok
S1163R01,156.43,119.29,33.58,ok
S1163R02,142.71,119.24,34.83,ok
S1163R03,172.82,120.38,38.00,ok
S1163R04,165.76,142.29,38.39,ok
S1164L01,123.39,134.50,50.52,ok
S1164L02,132.42,139.08,45.93,ok
S1164L03,149.88,122.68,45.93,ok
S1164L04,129.20,144.60,46.96,ok
S1164L05,141.86,145.37,41.52,ok
S1164R01,171.10,158.29,48.16,ok
S1164R02,152.86,128.29,40.99,ok
S1164R03,161.94,154.54,41.80,ok
S1164R04,147.98,126.91,41.70,ok
S1164R05,157.41,133.23,42.15,ok
S1165L01,161.17,152.91,54.47,ok
S1165L02,134.12,114.03,57.57,ok
S1165L03,151.17,136.16,51.17,ok
S1165L04,142.04,126.13,53.99,ok
S1165L05,157.54,141.07,52.70,ok
S1165L06,158.12,154.18,53.62,ok
S1165L07,151.14,139.31,55.45,ok
S1165L08,143.75,135.55,52.76,ok
S1165L09,139.73,146.59,56.93,ok
S1165R01,179.43,138.38,51.87,ok
S1165R02,139.43,128.30,56.41,ok
S1165R03,167.00,148.50,50.63,ok
S1165R04,173.46,149.22,50.95,ok
S1165R05,144.60,139.60,54.09,ok
S1165R06,173.86,133.29,52.66,ok
S1165R07,151.86,142.50,53.34,ok
S1165R08,147.17,131.34,54.78,ok
S1165R09,152.36,127.05,52.76,ok
S1166L01,150.09,142.83,33.39,ok
S1166L02,151.50,140.00,31.91,ok
S1166L03,156.58,115.46,35.40,ok
S1166L04,148.88,130.76,37.47,ok
S1166L05,164.74,134.86,34.73,ok
S1166L06,141.00,120.00,41.49,ok
S1166L07,170.07,131.15,39.97,ok
S1166R01,176.94,153.59,34.40,ok
S1166R02,154.15,136.04,35.55,ok
S1166R03,173.83,150.17,35.70,ok
S1166R04,186.09,135.78,32.44,ok
S1166R05,136.98,134.02,36.10,ok
S1166R06,175.13,148.01,35.23,ok
S1167L01,173.08,157.13,48.23,ok
S1167L02,170.14,182.36,48.86,ok
S1167L03,161.66,154.81,51.24,ok
S1167L04,161.50,168.50,48.93,ok
S1167L05,159.04,166.33,47.85,ok
S1167L06,166.00,163.00,47.17,ok
S1167L07,156.96,174.93,47.09,ok
S1167L08,141.64,157.36,48.15,ok
S1167L09,162.71,162.89,47.37,ok
S1167L10,142.84,173.52,47.76,ok
S1167R01,172.10,143.48,45.65,ok
S1167R02,120.50,149.00,48.30,ok
S1167R03,120.72,178.06,47.70,ok
S1167R04,140.00,155.50,46.15,ok
S1167R05,155.58,157.48,49.39,ok
S1167R06,133.23,144.59,46.70,ok
S1167R07,140.07,149.87,47.66,ok
S1167R08,119.74,152.79,46.71,ok
S1167R09,129.28,161.94,47.70,ok
S1167R10,139.14,157.45,48.33,ok
S1168L01,119.50,172.50,40.75,ok
S1168L02,164.74,144.45,42.36,ok
S1168L03,129.60,161.99,40.38,ok
S1168L04,130.59,164.76,39.93,ok
S1168L05,176.50,159.50,37.48,ok
S1168L06,167.50,148.00,36.17,ok
S1168L07,143.00,173.91,44.19,ok
S1168L08,132.52,173.60,44.43,ok
S1168L09,148.73,157.58,41.97,ok
S1168L10,150.00,161.00,41.59,ok
S1168R01,155.30,143.82,36.73,ok
S1168R02,186.00,161.50,40.39,ok
S1168R03,150.50,146.35,36.93,ok
S1168R04,141.12,150.47,37.31,ok
S1168R05,151.18,145.63,34.13,ok
S1168R06,149.29,153.24,34.87,ok
S1168R07,153.00,149.50,42.93,ok
S1168R08,179.38,170.52,39.21,ok
S1168R09,164.86,162.57,40.85,ok
S1168R10,150.50,165.00,41.68,ok
S1169L01,140.10,149.91,48.16,ok
S1169L02,142.85,146.97,39.07,ok
S1169L03,159.50,151.00,47.45,ok
S1169L04,161.16,155.73,46.28,ok
S1169L05,160.08,147.34,47.19,ok
S1169L06,154.98,157.58,48.09,ok
S1169L07,139.47,166.90,43.93,ok
S1169L08,152.66,167.43,42.81,ok
S1169L09,148.48,158.96,44.16,ok
S1169L10,134.00,150.50,44.23,ok
S1169R01,144.77,162.46,44.43,ok
S1169R02,126.80,183.05,45.64,ok
S1169R03,163.05,163.92,47.11,ok
S1169R04,147.09,156.47,43.61,ok
S1169R05,129.07,171.07,44.56,ok
S1169R06,151.28,166.19,43.94,ok
S1169R07,171.00,156.50,44.34,ok
S1169R08,143.17,168.00,46.23,ok
S1169R09,161.34,167.66,42.93,ok
S1169R10,169.00,162.50,46.75,ok
S1170L01,160.77,146.85,47.34,ok
S1170L02,166.18,158.94,46.00,ok
S1170L03,159.00,147.00,48.17,ok
S1170L04,139.24,159.58,53.23,ok
S1170L05,136.10,138.32,52.47,ok
S1170L06,159.44,151.13,49.35,ok
S1170L07,151.49,130.20,49.41,ok
S1170L08,135.10,156.81,49.45,ok
S1170R01,136.00,135.37,39.83,ok
S1170R02,154.50,167.00,46.78,ok
S1170R03,151.00,146.50,33.74,ok
S1170R04,163.00,133.00,34.71,ok
S1170R05,153.50,140.50,33.50,ok
S1170R06,170.37,148.67,33.99,ok
S1170R07,140.00,153.00,40.61,ok
S1171L01,129.00,190.50,52.15,ok
S1171L02,131.42,187.19,52.22,ok
S1171L03,134.54,183.96,52.32,ok
S1171L04,127.56,183.17,52.94,ok
S1171L05,126.22,180.95,52.96,ok
S1172L01,164.00,174.00,50.25,ok
S1172L02,163.00,173.20,50.44,ok
S1172L03,180.50,176.29,51.01,ok
S1172L04,177.00,174.70,50.79,ok
S1172L05,178.00,177.73,51.74,ok
S1172L06,174.19,174.93,51.44,ok
S1172L07,173.50,173.91,52.20,ok
S1172L08,191.00,173.50,52.59,ok
S1173R01,163.44,144.34,44.49,ok
S1173R02,163.34,144.17,44.42,ok
S1173R03,164.50,145.13,44.79,ok
S1173R04,163.31,144.30,44.52,ok
S1173R05,161.71,142.95,44.87,ok
S1173R06,160.02,143.19,45.03,ok
S1173R07,158.93,142.53,45.41,ok
S1174L01,123.53,164.38,33.08,ok
S1174L02,140.00,166.50,34.03,ok
S1174L03,162.50,163.66,34.95,ok
S1174L04,164.00,164.14,35.37,ok
S1174L05,165.00,165.00,35.51,ok
S1174L06,163.50,166.35,36.43,ok
S1175L01,176.64,155.33,53.87,ok
S1175L02,170.50,156.25,53.77,ok
S1175L03,168.50,162.17,54.01,ok
S1175L04,169.98,161.89,53.48,ok
S1175L05,169.00,161.79,53.55,ok
S1175L06,168.78,169.29,53.78,ok
S1176L01,171.88,137.94,42.83,ok
S1176L02,171.97,137.45,42.56,ok
S1176L03,171.89,139.28,43.44,ok
S1176L04,171.30,139.49,43.29,ok
S1176L05,171.54,140.58,44.21,ok
S1176L06,175.22,138.84,44.84,ok
S1176L07,173.97,138.41,45.31,ok
S1176L08,178.63,136.96,46.98,ok
S1177R01,160.49,138.43,46.04,ok
S1177R02,163.99,134.73,45.62,ok
S1177R03,169.50,166.50,47.46,ok
S1178L01,178.87,167.87,32.63,ok
S1178L02,153.26,197.46,32.73,ok
S1178L03,155.61,189.74,32.33,ok
S1178L04,172.00,183.50,30.92,ok
S1178L05,149.84,179.39,29.38,ok
S1178L06,160.61,179.97,33.64,ok
S1178R01,180.32,185.50,31.61,ok
S1179L01,161.50,150.50,52.10,ok
S1179L02,161.00,127.50,48.81,ok
S1179L03,182.68,155.10,51.41,ok
S1179L04,192.17,137.04,52.66,ok
S1179L05,191.86,143.22,50.48,ok
S1179L06,192.51,136.71,51.59,ok
S1179L07,156.93,140.08,45.80,ok
S1179L08,138.54,163.98,46.77,ok
S1179L09,177.34,162.07,47.78,ok
S1179L10,181.00,153.83,49.33,ok
S1179R01,185.71,164.25,48.44,ok
S1179R02,133.21,166.77,41.86,ok
S1179R03,172.93,134.61,47.48,ok
S1179R04,144.91,154.67,43.73,ok
S1179R05,170.00,152.50,47.32,ok
S1179R06,139.01,139.96,46.14,ok
S1179R07,191.10,168.90,43.30,ok
S1179R08,151.39,147.49,42.41,ok
S1179R09,180.80,165.46,41.28,ok
S1179R10,171.50,160.00,43.27,ok
S1180R01,144.28,158.03,48.26,ok
S1180R02,143.50,155.50,48.19,ok
S1180R03,158.00,144.34,47.35,ok
S1180R04,156.00,143.00,48.17,ok
S1180R05,156.00,150.00,46.39,ok
S1180R06,153.50,150.50,46.82,ok
S1181L01,156.46,189.90,35.19,ok
S1181L02,170.00,184.50,38.15,ok
S1181L03,202.28,169.84,36.23,ok
S1181L04,197.00,152.00,33.54,ok
S1181L05,171.04,164.83,36.52,ok
S1181L06,183.42,178.40,36.40,ok
S1181L07,160.00,171.22,39.24,ok
S1182L01,146.45,139.11,52.80,ok
S1182L02,129.19,153.67,56.70,ok
S1182L03,152.95,146.05,47.51,ok
S1182L04,164.82,158.50,51.37,ok
S1182L05,158.15,156.50,51.05,ok
S1182L06,125.16,169.17,49.27,ok
S1182L07,121.06,138.34,44.90,ok
S1182L08,129.30,173.89,51.34,ok
S1182L09,144.39,157.25,55.92,ok
S1182R01,152.60,148.60,54.75,ok
S1182R02,164.50,156.70,48.09,ok
S1182R03,172.63,140.54,40.34,ok
S1182R04,146.43,153.91,51.21,ok
S1182R05,157.73,140.88,43.09,ok
S1182R06,151.09,163.81,45.15,ok
S1182R07,151.71,149.47,43.28,ok
S1182R08,174.00,170.50,46.07,ok
S1182R09,169.16,171.11,47.83,ok
S1182R10,145.76,154.89,49.04,ok
S1183L01,146.81,175.22,41.96,ok
S1183R01,153.71,126.19,38.62,ok
S1183R02,125.77,126.46,35.30,ok
S1183R03,164.59,125.54,36.12,ok
S1183R04,165.50,158.00,35.30,ok
S1183R05,155.07,130.81,35.71,ok
S1183R06,151.00,135.42,37.63,ok
S1184R01,160.00,132.50,45.41,ok
S1184R02,167.90,153.43,47.61,ok
S1184R03,123.65,157.43,49.38,ok
S1184R04,123.28,160.94,49.93,ok
S1184R05,117.80,152.57,47.78,ok
S1185L01,156.00,154.00,31.62,ok
S1185L02,160.50,180.00,34.44,ok
S1185L03,170.28,189.17,34.94,ok
S1185L04,133.22,179.31,33.48,ok
S1185L05,145.36,175.81,32.65,ok
S1185L06,124.50,149.11,35.69,ok
S1186L01,149.12,173.52,36.64,ok
S1186L02,132.00,136.50,45.89,ok
S1186L03,142.00,150.36,42.93,ok
S1186L04,131.75,112.15,34.73,ok
S1186L05,140.09,114.87,39.20,ok
S1186L06,156.00,157.50,46.89,ok
S1186L07,125.00,146.15,40.46,ok
S1186L08,161.96,162.34,43.76,ok
S1186L09,170.62,158.39,41.74,ok
S1187R01,184.84,140.04,52.29,ok
S1187R02,196.00,131.44,47.13,ok
S1187R03,169.00,159.23,53.38,ok
S1187R04,162.00,151.80,50.84,ok
S1187R05,165.35,173.35,43.28,ok
S1187R06,154.50,153.00,48.75,ok
S1187R07,186.19,143.22,49.64,ok
S1188L01,155.25,170.56,39.14,ok
S1188L02,147.79,160.41,40.57,ok
S1188L03,154.62,142.56,37.45,ok
S1188L04,142.09,157.83,37.72,ok
S1188L05,149.00,162.00,38.60,ok
S1188L06,162.49,149.62,42.81,ok
S1188L07,157.43,162.43,37.81,ok
S1188L08,137.95,151.29,45.43,ok
S1188L09,151.62,147.62,44.47,ok
S1188L10,136.30,145.59,40.97,ok
S1188R01,157.92,166.44,40.07,ok
S1188R02,165.05,154.63,41.42,ok
S1188R03,180.65,158.91,34.89,ok
S1188R04,169.32,160.42,37.02,ok
S1188R05,154.20,151.89,35.33,ok
S1188R07,168.00,150.00,35.51,ok
S1188R08,181.10,155.57,37.75,ok
S1188R09,170.23,160.94,37.37,ok
S1188R10,154.50,145.00,47.76,ok
S1189L01,156.28,178.15,37.86,ok
S1190L01,110.88,188.78,53.94,ok
S1190L02,150.51,176.14,51.28,ok
S1190L03,142.20,159.44,50.24,ok
S1190L04,130.06,196.90,49.36,ok
S1190L05,152.14,152.92,49.53,ok
S1191L01,137.22,142.86,43.87,ok
S1191L02,169.65,140.10,41.33,ok
S1191L03,166.86,149.43,42.80,ok
S1191L04,148.34,153.83,39.99,ok
S1191L05,161.55,142.34,42.02,ok
S1191L06,155.50,151.00,42.35,ok
S1191L07,166.00,132.50,41.93,ok
S1191L08,151.94,134.32,43.09,ok
S1191L09,171.58,139.39,42.45,ok
S1191L10,161.50,146.24,40.15,ok
S1191R01,154.84,161.68,41.80,ok
S1191R02,161.43,153.32,41.70,ok
S1191R03,155.00,162.50,40.66,ok
S1191R04,174.73,170.26,48.87,ok
S1191R05,165.96,165.93,41.38,ok
S1191R06,159.69,152.54,43.79,ok
S1191R07,166.74,154.70,39.80,ok
S1191R08,154.92,163.72,42.72,ok
S1191R09,147.21,170.28,42.39,ok
S1191R10,167.29,159.48,43.10,ok
S1192L01,183.38,146.37,45.45,ok
S1192R01,126.12,166.09,39.26,ok
S1192R02,127.63,148.88,37.66,ok
S1192R03,154.30,139.40,42.06,ok
S1192R04,113.93,152.95,38.60,ok
S1192R05,128.11,169.77,40.07,ok
S1192R06,183.33,160.63,43.26,ok
S1193L01,143.50,164.73,39.98,ok
S1193L02,150.50,165.00,39.71,ok
S1193L03,142.63,141.11,39.87,ok
S1193L04,188.00,137.10,36.78,ok
S1193L05,149.08,149.94,38.60,ok
S1194R01,190.62,153.78,41.18,ok
S1194R02,186.71,144.53,38.71,ok
S1194R03,168.16,163.51,35.63,ok
S1194R04,165.78,176.19,39.68,ok
S1194R05,165.00,155.72,36.77,ok
S1195R01,185.84,170.89,48.20,ok
S1195R02,171.76,198.96,44.82,ok
S1195R03,146.00,197.64,42.93,ok
S1195R04,137.87,187.72,41.90,ok
S1195R05,153.00,172.50,43.92,ok
S1196R01,117.11,136.63,38.00,ok
S1196R02,155.97,153.90,40.70,ok
S1196R03,135.29,120.91,38.61,ok
S1196R04,141.65,124.01,37.44,ok
S1196R05,123.16,141.91,37.23,ok
S1197L01,154.06,166.80,43.24,ok
S1197L02,152.91,137.56,41.25,ok
S1197L03,145.50,165.50,43.36,ok
S1197L04,170.67,162.44,40.48,ok
S1197L05,194.98,151.62,40.92,ok
S1197R01,171.08,142.80,36.61,ok
S1198L01,174.00,164.00,39.46,ok
S1198L02,159.95,148.02,41.60,ok
S1198L03,160.13,138.86,42.42,ok
S1198L04,166.26,160.40,43.20,ok
S1198L05,165.37,151.78,43.05,ok
S1199L01,161.00,176.07,51.55,ok
S1199L02,152.12,159.39,48.42,ok
S1199L03,157.93,174.54,49.71,ok
S1199L04,157.00,188.50,49.00,ok
S1199L05,151.00,181.62,48.88,ok
S1199L06,160.02,158.83,50.18,ok
S1199L07,146.50,177.50,50.09,ok
S1199L08,143.00,180.77,48.61,ok
S1199L09,151.50,171.39,48.82,ok
S1199L10,159.40,164.50,47.16,ok
S1199R01,149.71,103.17,44.20,ok
S1199R02,161.05,160.68,41.51,ok
S1199R03,161.17,133.83,43.61,ok
S1199R04,173.52,105.20,45.43,ok
S1199R05,153.90,102.30,45.04,ok
S1199R06,157.76,158.04,41.59,ok
S1199R07,139.39,171.76,42.61,ok
S1199R08,156.97,171.63,42.21,ok
S1199R09,135.61,151.40,41.26,ok
S1199R10,164.50,170.01,43.83,ok
S1200R01,151.52,172.41,33.28,ok
S1200R02,174.00,156.82,31.96,ok
S1201L01,138.55,166.77,39.93,ok
S1201L02,165.65,169.87,40.80,ok
S1201L03,182.00,145.78,38.43,ok
S1201L04,177.52,155.61,39.64,ok
S1201L05,161.75,190.54,41.11,ok
S1202L01,154.88,148.47,40.22,ok
S1202R01,148.50,155.00,33.11,ok
S1202R02,156.49,160.46,33.84,ok
S1202R03,152.55,182.97,35.06,ok
S1202R04,126.97,163.00,34.53,ok
S1202R05,173.39,154.03,36.12,ok
S1203L01,154.30,175.75,46.82,ok
S1203L02,167.75,172.62,43.75,ok
S1203L03,156.09,180.13,45.02,ok
S1203L04,154.06,162.33,45.03,ok
S1203L05,165.24,169.92,44.79,ok
S1203R01,170.50,168.80,38.36,ok
S1204L01,139.94,151.32,43.09,ok
S1204L02,127.57,123.83,49.31,ok
S1205L01,198.50,127.42,48.17,ok
S1205L02,156.75,149.54,46.11,ok
S1205R01,140.67,145.68,42.06,ok
S1205R02,130.50,143.04,44.30,ok
S1205R03,143.18,147.73,47.38,ok
S1205R04,136.25,144.30,46.31,ok
S1205R05,157.43,150.09,46.88,ok
S1205R06,151.50,147.07,40.45,ok
S1205R07,174.21,143.47,46.27,ok
S1206R01,160.88,149.27,33.45,ok
S1206R02,163.82,155.25,34.01,ok
S1206R03,145.97,160.21,33.45,ok
S1206R04,129.03,179.15,33.39,ok
S1206R05,130.65,155.63,34.49,ok
S1207R01,178.83,157.37,48.75,ok
S1207R02,146.28,171.54,45.13,ok
S1207R03,166.23,158.86,45.88,ok
S1207R04,172.32,178.03,47.69,ok
S1207R05,191.34,169.33,47.47,ok
S1208L01,178.44,176.68,45.78,ok
S1208L02,147.63,163.14,37.27,ok
S1208L03,145.90,136.49,37.36,ok
S1208L04,149.78,171.70,33.71,ok
S1208L05,157.40,139.54,34.80,ok
S1208L06,158.34,164.08,36.11,ok
S1208L07,139.12,162.69,40.51,ok
S1208R01,143.07,179.74,40.58,ok
S1209L01,157.50,154.78,39.93,ok
S1209L02,155.95,178.12,43.55,ok
S1209L03,162.50,159.50,37.10,ok
S1209L04,160.23,158.42,37.61,ok
S1209L05,177.81,157.15,37.96,ok
S1209L06,148.35,160.74,37.81,ok
S1209L07,145.50,164.50,42.10,ok
S1209L08,153.41,154.11,43.41,ok
S1209L09,162.50,155.50,43.36,ok
S1209L10,141.72,149.74,42.27,ok
S1209R01,177.77,133.61,44.66,ok
S1209R02,180.50,145.50,39.22,ok
S1209R03,185.72,141.07,38.96,ok
S1209R04,193.53,158.59,37.68,ok
S1209R05,176.34,172.50,36.32,ok
S1209R06,131.56,153.08,38.88,ok
S1209R07,168.42,171.56,44.22,ok
S1209R08,179.36,173.45,41.61,ok
S1209R09,180.99,178.28,48.12,ok
S1209R10,178.59,144.63,39.14,ok
S1210L01,161.50,162.88,54.40,ok
S1210L02,130.29,147.85,50.90,ok
S1210L03,151.01,160.34,54.67,ok
S1210L04,134.50,163.92,52.61,ok
S1210L05,141.77,167.16,54.55,ok
S1210L06,145.50,167.00,48.21,ok
S1210L07,152.50,160.50,51.39,ok
S1211L01,153.00,157.50,45.21,ok
S1211L02,163.70,162.11,45.42,ok
S1211L03,162.50,184.16,47.61,ok
S1211L04,176.28,162.11,44.01,ok
S1211L05,145.28,168.88,46.70,ok
S1211L06,172.93,176.20,47.33,ok
S1211L07,157.16,165.76,44.67,ok
S1211L08,146.51,194.15,48.42,ok
S1211L09,142.08,173.87,40.96,ok
S1211L10,163.50,185.50,41.50,ok
S1211L11,163.12,169.88,43.77,ok
S1211L12,144.67,173.59,42.93,ok
S1211L13,167.37,182.65,41.69,ok
S1211L14,181.50,180.00,38.33,ok
S1211L15,179.13,174.74,43.46,ok
S1211R01,152.87,180.12,40.01,ok
S1211R02,189.28,161.16,38.96,ok
S1212L01,154.79,148.66,37.62,ok
S1212L02,157.72,160.16,38.96,ok
S1212L03,192.50,159.50,32.44,ok
S1212L04,189.49,156.08,37.44,ok
S1212L05,187.73,163.92,37.79,ok
S1212L06,203.00,155.00,38.28,ok
S1212L07,182.04,158.06,35.54,ok
S1212L08,177.17,162.85,36.32,ok
S1212R01,199.77,175.50,42.18,ok
S1213L01,167.02,171.10,44.68,ok
S1213R01,149.88,171.78,35.59,ok
S1214L01,169.00,163.00,41.30,ok
S1214L02,165.17,167.53,43.73,ok
S1214L03,184.64,169.93,35.56,ok
S1214L04,132.01,187.04,43.37,ok
S1214L05,176.44,169.99,41.65,ok
S1214L06,166.00,181.09,43.65,ok
S1214L07,174.53,173.10,43.93,ok
S1214R01,150.50,150.72,36.81,ok
S1215L01,153.78,140.65,42.74,ok
S1215L02,158.82,142.49,44.08,ok
S1215L03,151.12,143.85,41.59,ok
S1215L04,156.73,141.20,38.89,ok
S1215L05,163.50,131.87,36.81,ok
S1215L06,126.05,146.58,43.18,ok
S1216L01,134.41,206.85,29.76,ok
S1217L01,149.34,168.31,40.05,ok
S1217L02,137.16,161.19,40.29,ok
S1217L03,158.54,164.84,43.65,ok
S1217L04,175.50,165.50,47.94,ok
S1218L01,155.18,177.11,47.60,ok
S1218L02,150.14,168.02,46.20,ok
S1218L03,140.22,175.65,50.02,ok
S1218R01,182.56,177.31,48.91,ok
S1218R02,183.70,180.55,44.45,ok
S1218R03,163.48,161.84,45.64,ok
S1218R04,190.50,162.00,44.20,ok
S1218R05,177.50,157.34,44.81,ok
S1218R06,181.64,163.50,46.26,ok
S1218R07,176.02,140.07,48.44,ok
S1218R08,175.17,182.48,47.84,ok
S1218R09,183.50,168.84,47.61,ok
S1218R10,202.35,137.51,48.71,ok
S1218R11,181.31,175.55,46.93,ok
S1218R12,189.18,175.32,50.10,ok
S1218R13,182.32,133.56,45.98,ok
S1218R14,177.74,135.89,48.13,ok
S1218R15,178.77,172.92,46.49,ok
S1219L01,141.00,174.50,36.84,ok
S1219L02,158.49,167.38,45.84,ok
S1219L03,129.84,163.62,42.70,ok
S1219L04,168.61,195.06,46.53,ok
S1219L05,150.50,172.00,43.83,ok
S1219L06,136.15,170.81,44.58,ok
S1219L07,158.59,166.65,44.42,ok
S1219L08,156.43,174.74,43.56,ok
S1219L09,153.93,157.77,44.40,ok
S1219L10,165.68,148.56,44.30,ok
S1219R01,180.50,183.00,37.57,ok
S1219R02,158.50,189.00,41.68,ok
S1219R03,162.72,159.38,42.01,ok
S1219R04,182.83,175.41,43.52,ok
S1219R05,157.08,167.59,43.00,ok
S1219R06,156.00,159.00,40.80,ok
S1219R07,152.00,159.50,38.50,ok
S1219R08,175.20,150.92,43.30,ok
S1219R09,154.59,142.12,38.84,ok
S1220L01,145.04,166.17,29.93,ok
S1220L02,152.83,156.36,26.79,ok
S1220L03,179.50,169.50,28.50,ok
S1220L04,122.91,178.16,27.83,ok
S1220L05,146.17,168.99,28.74,ok
S1220L06,142.81,186.98,28.48,ok
S1221L01,139.47,203.84,49.58,ok
S1221R01,142.83,168.14,45.43,ok
S1221R02,126.00,198.41,42.18,ok
S1221R03,132.32,191.41,40.76,ok
S1221R04,167.27,158.80,40.54,ok
S1221R05,127.00,191.00,42.45,ok
S1221R06,139.50,180.39,41.76,ok
S1222R01,148.21,203.74,37.88,ok
S1222R02,143.92,206.41,37.91,ok
S1222R03,133.07,203.94,37.28,ok
S1222R04,132.31,196.94,35.69,ok
S1222R05,181.17,190.09,42.41,ok
S1222R06,129.50,196.00,36.58,ok
S1222R07,129.95,195.68,36.37,ok
S1222R08,157.50,205.69,37.72,ok
S1223R01,144.22,146.66,37.38,ok
S1223R02,150.66,148.13,36.43,ok
S1223R03,146.00,155.50,35.93,ok
S1224L01,168.13,159.15,43.86,ok
S1224L02,139.00,172.91,44.09,ok
S1224L03,155.55,168.79,50.91,ok
S1224L04,154.00,156.50,47.18,ok
S1224L05,140.92,174.59,48.09,ok
S1224L06,141.00,175.00,47.17,ok
S1224L07,140.48,169.45,45.91,ok
S1224L08,139.46,179.28,48.48,ok
S1224L09,130.00,159.50,46.38,ok
S1224L10,145.19,161.97,42.43,ok
S1224L11,133.00,167.00,51.48,ok
S1224R01,162.71,159.32,49.25,ok
S1224R02,189.88,154.24,45.97,ok
S1224R03,190.00,157.50,43.20,ok
S1224R04,174.00,150.50,46.09,ok
S1224R05,170.50,145.50,45.83,ok
S1224R06,185.34,148.74,45.57,ok
S1224R07,166.88,161.57,49.42,ok
S1224R08,171.75,166.60,46.89,ok
S1224R09,167.85,168.07,40.36,ok
S1224R10,173.33,161.18,44.05,ok
S1224R11,178.50,143.00,46.33,ok
S1225L01,128.27,157.30,32.14,ok
S1225L02,127.74,143.26,33.78,ok
S1225L03,145.33,153.69,30.45,ok
S1225L04,153.18,169.54,32.27,ok
S1225L05,122.06,156.82,34.73,ok
S1225L06,137.58,166.66,29.87,ok
S1225L07,144.83,175.48,34.38,ok
S1226R01,161.47,128.29,42.78,ok
S1226R02,145.00,151.00,43.74,ok
S1226R03,150.50,132.26,45.07,ok
S1226R04,135.34,148.91,46.57,ok
S1226R05,174.15,151.77,44.66,ok
S1226R06,125.28,129.95,43.24,ok
S1226R07,141.86,140.90,42.88,ok
S1227L01,135.08,183.16,49.22,ok
S1227L02,128.90,184.85,42.37,ok
S1227L03,132.50,184.00,45.48,ok
S1227L04,135.00,192.49,45.22,ok
S1227L05,133.09,196.48,45.21,ok
S1227R01,180.36,152.36,52.12,ok
S1228L01,167.13,172.38,49.25,ok
S1228L02,142.84,170.38,48.73,ok
S1228L03,155.50,192.24,46.37,ok
S1228L04,152.50,173.16,46.62,ok
S1228L05,158.97,174.01,40.79,ok
S1228L06,159.05,172.71,41.50,ok
S1228L07,168.48,180.16,40.54,ok
S1228R01,121.50,158.00,37.27,ok
S1229L01,203.96,191.53,37.86,ok
S1229L02,173.12,196.12,36.23,ok
S1229L03,203.97,197.21,37.05,ok
S1229L04,176.60,159.36,37.14,ok
S1229L05,169.29,154.21,35.71,ok
S1229L06,191.64,194.33,36.94,ok
S1229L07,193.33,164.64,43.34,ok
S1229L08,206.69,178.13,37.94,ok
S1229L09,204.95,154.80,42.04,ok
S1229L10,167.82,210.68,37.13,ok
S1229R01,166.03,167.80,38.85,ok
S1229R02,186.00,142.50,36.00,ok
S1229R03,175.50,167.50,35.11,ok
S1229R04,151.20,176.41,33.86,ok
S1229R05,144.73,175.91,35.74,ok
S1229R06,146.17,182.16,34.09,ok
S1229R07,123.50,169.00,31.58,ok
S1229R08,164.70,134.71,31.81,ok
S1229R09,166.50,188.35,32.66,ok
S1230R01,163.50,159.50,45.13,ok
S1230R02,170.44,169.23,41.47,ok
S1230R03,155.50,160.72,37.29,ok
S1230R04,153.50,147.61,42.63,ok
S1230R05,158.50,171.00,34.44,ok
S1230R06,161.51,153.87,36.16,ok
S1230R07,126.00,150.34,37.99,ok
S1230R08,154.22,164.89,34.37,ok
S1230R09,204.00,148.95,37.17,ok
S1230R10,155.02,165.89,38.94,ok
S1231L01,164.71,192.26,45.89,ok
S1231L02,138.13,174.73,55.61,ok
S1231L03,142.50,177.50,53.78,ok
S1231L04,155.50,183.88,54.40,ok
S1231L05,158.11,182.32,51.49,ok
S1231L06,155.50,189.18,51.24,ok
S1231L07,158.74,177.92,44.29,ok
S1231L08,197.39,159.23,53.28,ok
S1232L01,194.71,151.57,51.87,ok
S1232L02,174.65,180.15,45.21,ok
S1232L03,163.93,198.91,47.60,ok
S1233R01,132.50,158.00,47.76,ok
S1233R02,140.94,133.87,48.39,ok
S1233R03,152.76,134.09,47.33,ok
S1233R04,135.00,158.93,45.47,ok
S1234R01,127.14,180.28,55.77,ok
S1234R02,162.50,178.87,57.13,ok
S1234R03,176.00,150.50,56.03,ok
S1234R04,171.84,168.67,55.10,ok
S1234R05,147.75,170.74,55.04,ok
S1234R06,137.34,169.10,52.62,ok
S1235R01,174.50,164.50,38.74,ok
S1235R02,171.03,144.15,38.48,ok
S1235R03,159.50,149.50,33.80,ok
S1235R04,189.88,156.65,37.71,ok
S1236R01,163.50,190.50,54.30,ok
S1236R02,207.82,192.86,49.46,ok
S1236R03,164.50,202.00,50.51,ok
S1237R01,155.81,152.41,31.83,ok
S1237R02,154.50,152.50,32.69,ok
S1237R03,161.81,163.35,31.72,ok
S1238R01,151.95,173.40,40.22,ok
S1238R02,147.88,190.60,43.50,ok
S1238R03,139.52,164.98,41.10,ok
S1238R04,139.08,169.81,37.31,ok
S1239L01,144.24,137.64,44.95,ok
S1239L02,146.78,138.37,36.74,ok
S1239L03,170.57,144.39,40.13,ok
S1239L04,141.45,145.29,41.96,ok
S1239L05,155.41,135.87,43.21,ok
S1239L06,152.74,130.99,43.42,ok
S1239L07,136.94,130.02,38.63,ok
S1239L08,154.19,129.35,40.41,ok
S1239L09,141.64,141.71,37.88,ok
S1239L10,130.34,132.02,38.27,ok
S1239R01,153.60,124.57,34.29,ok
S1239R02,137.08,128.56,40.07,ok
S1239R03,142.15,135.61,43.97,ok
S1239R04,155.51,119.55,41.70,ok
S1239R05,171.36,131.36,40.39,ok
S1239R06,145.07,120.36,41.16,ok
S1239R07,167.50,127.93,37.34,ok
S1239R08,154.53,134.04,37.49,ok
S1239R09,157.82,117.73,37.10,ok
S1239R10,156.83,113.50,40.33,ok
S1240L01,183.02,156.42,43.99,ok
S1240L02,179.00,175.00,46.39,ok
S1240L03,162.33,197.12,43.14,ok
S1240L04,125.92,198.97,45.08,ok
S1240L05,153.97,152.45,42.56,ok
S1241R01,173.50,143.60,34.43,ok
S1241R02,170.62,138.88,34.29,ok
S1241R03,161.54,125.00,35.29,ok
S1242L01,165.00,149.88,57.44,ok
S1242L02,156.81,148.75,59.07,ok
S1242L03,156.92,142.38,56.12,ok
S1243R01,127.59,192.84,45.61,ok
S1243R02,183.51,182.53,44.56,ok
S1244L01,141.59,186.67,41.57,ok
S1244L02,165.82,170.18,39.15,ok
S1244L03,161.21,172.20,38.65,ok
S1244L04,180.52,178.15,40.35,ok
S1244L05,176.99,195.76,37.39,ok
S1244L06,168.85,163.33,38.89,ok
S1245R01,179.34,154.91,45.36,ok
S1245R02,168.08,137.16,45.13,ok
S1245R03,163.04,143.59,45.74,ok
S1245R04,160.29,189.08,44.20,ok
S1246R01,131.50,162.68,33.77,ok
S1246R02,125.50,163.50,33.80,ok
S1246R03,120.67,162.92,33.96,ok
S1247R01,132.79,128.41,48.69,ok
S1247R02,175.26,138.74,52.71,ok
S1247R03,164.46,137.50,52.81,ok
S1247R04,141.37,137.90,48.30,ok
S1247R05,163.98,142.82,52.01,ok
S1247R06,197.50,152.50,50.10,ok
S1247R07,175.73,168.33,48.30,ok
S1247R08,196.35,158.26,54.41,ok
S1248L01,167.50,159.50,35.78,ok
S1248R01,132.58,181.03,35.89,ok
S1248R02,166.41,167.88,34.72,ok
S1248R03,151.47,166.57,32.52,ok
S1248R04,128.14,171.67,33.48,ok
S1248R05,163.84,159.38,31.00,ok
S1248R06,172.57,185.24,34.83,ok
S1248R07,162.62,180.15,32.99,ok
S1249R01,174.66,141.10,48.13,ok
S1249R02,184.39,155.70,48.07,ok
