stem,status,cx_dl,cy_dl,r_dl
S1001L01,ok,155.28,116.56,58.56
S1001L02,ok,158.35,129.12,52.32
S1001L03,ok,128.82,140.81,56.75
S1001L04,ok,176.03,146.31,54.77
S1001L05,ok,158.59,147.83,54.47
S1001L06,ok,163.92,152.62,59.45
S1001L07,ok,153.65,138.36,55.61
S1001L08,ok,161.20,151.77,59.77
S1001L09,ok,138.05,122.04,58.90
S1001L10,ok,146.04,130.08,55.15
S1001R01,ok,179.36,130.31,58.94
S1001R02,ok,146.50,128.50,49.93
S1001R03,ok,171.13,132.31,60.24
S1001R04,ok,186.78,137.77,58.06
S1001R05,ok,179.79,141.36,56.33
S1001R06,ok,170.69,133.39,56.14
S1001R07,ok,184.30,145.12,55.29
S1001R08,ok,185.90,133.76,49.51
S1001R09,ok,176.68,147.89,48.32
S1001R10,ok,175.38,165.54,48.07
S1002L01,ok,163.00,160.99,49.04
S1002L02,ok,151.00,160.00,42.76
S1002L03,ok,142.00,174.00,42.30
S1002L04,ok,176.39,158.65,45.14
S1002L05,ok,184.10,183.17,41.93
S1002L06,ok,172.74,175.73,36.80
S1002L07,ok,143.83,168.39,39.73
S1002L08,ok,157.00,183.36,38.48
S1002L09,ok,143.13,168.00,40.30
S1002L10,ok,154.45,166.72,43.57
S1002R01,ok,130.35,149.17,41.48
S1002R02,ok,149.58,206.39,35.03
S1002R03,ok,113.50,163.00,45.03
S1002R04,ok,160.97,162.72,40.54
S1002R05,ok,144.27,188.30,40.05
S1002R06,ok,162.50,170.64,41.72
S1002R07,ok,157.28,164.63,39.60
S1002R08,ok,167.01,181.61,32.95
S1002R09,ok,169.76,192.84,37.30
S1002R10,ok,146.04,186.05,36.73
S1003R01,ok,165.88,179.02,32.56
S1003R02,ok,163.71,187.50,33.27
S1003R03,ok,191.00,190.14,29.29
S1003R04,ok,181.43,187.18,30.86
S1003R05,ok,171.50,191.45,36.72
S1003R06,ok,178.65,176.28,37.32
S1003R07,ok,150.45,172.50,36.10
S1004R01,ok,162.49,147.35,58.82
S1004R02,ok,132.53,129.34,56.36
S1004R03,ok,153.40,144.94,60.56
S1004R04,ok,156.52,167.80,57.22
S1004R05,ok,137.24,141.45,60.50
S1004R06,ok,165.67,137.51,52.80
S1004R07,ok,168.27,153.13,56.48
S1005L01,ok,167.25,135.98,46.17
S1005R01,ok,177.06,172.01,42.43
S1005R02,ok,145.13,171.43,46.94
S1005R03,ok,189.00,188.11,39.92
S1005R04,ok,167.00,184.00,43.29
S1005R05,ok,160.50,182.50,43.06
S1005R06,ok,170.77,159.55,39.22
S1005R07,ok,166.20,162.96,40.38
S1006R01,ok,162.00,180.00,50.64
S1006R02,ok,162.50,186.36,48.67
S1006R03,ok,164.00,180.50,50.31
S1006R04,ok,165.46,175.95,51.35
S1006R05,ok,146.41,183.10,50.21
S1006R06,ok,153.80,167.46,46.83
S1006R07,ok,169.50,168.50,46.11
S1007L01,ok,141.50,179.00,56.64
S1007L02,ok,138.50,154.92,54.20
S1007L03,ok,144.50,177.42,56.69
S1007L04,ok,142.65,169.14,54.55
S1007L05,ok,157.00,188.00,54.33
S1007L06,ok,152.50,160.50,51.21
S1007L07,ok,137.50,172.50,56.77
S1007L09,ok,143.00,143.84,53.31
S1007L10,ok,163.51,144.44,51.85
S1007R01,ok,161.12,154.61,56.94
S1007R02,ok,146.55,133.19,48.94
S1007R03,ok,152.89,148.82,54.14
S1007R04,ok,153.59,159.09,60.15
S1007R05,ok,167.98,165.74,59.95
S1007R06,ok,178.06,155.24,57.97
S1007R07,ok,163.00,154.34,55.67
S1007R08,ok,161.00,158.50,54.65
S1007R09,ok,154.08,162.17,57.25
S1007R10,ok,151.50,155.43,56.08
S1008L01,ok,155.07,170.81,40.54
S1008L02,ok,188.33,159.39,37.30
S1008L03,ok,151.00,165.40,35.93
S1008L04,ok,171.00,164.96,37.61
S1008L05,ok,173.86,165.68,33.75
S1008L06,ok,151.36,166.01,35.23
S1008L07,ok,144.36,162.29,39.85
S1008L08,ok,136.02,148.37,35.52
S1008L09,ok,153.18,160.09,39.01
S1008L10,ok,147.84,156.61,38.05
S1008L11,ok,160.03,166.95,38.17
S1008R01,ok,187.64,155.80,37.07
S1008R02,ok,182.12,153.93,36.89
S1008R03,ok,162.51,176.23,37.53
S1008R04,ok,177.61,157.39,37.94
S1008R05,ok,161.74,152.93,36.61
S1008R06,ok,187.66,156.35,36.79
S1008R07,ok,173.24,159.29,42.58
S1008R08,ok,163.00,151.50,38.16
S1009L01,ok,163.52,178.34,45.67
S1009R01,ok,162.13,156.64,38.97
S1009R02,ok,125.18,168.23,40.53
S1009R03,ok,148.23,191.57,39.24
S1009R04,ok,161.50,152.50,40.87
S1009R05,ok,117.50,170.00,39.26
S1009R06,ok,168.45,186.29,39.44
S1009R07,ok,122.75,183.94,39.17
S1009R08,ok,135.00,171.50,41.80
S1010R01,ok,153.40,177.78,44.03
S1010R02,ok,159.10,182.66,43.11
S1010R03,ok,135.95,187.93,43.48
S1010R04,ok,166.05,202.61,48.65
S1010R05,ok,143.00,161.83,44.22
S1011L01,ok,180.50,159.78,41.46
S1011L02,ok,141.65,157.76,34.61
S1011L03,ok,177.00,166.00,39.20
S1011L04,ok,142.00,172.00,40.20
S1011L05,ok,165.50,165.29,36.87
S1011L06,ok,153.17,150.06,36.58
S1011L07,ok,142.47,171.18,38.58
S1011L08,ok,151.19,150.10,40.32
S1011L09,ok,141.31,157.50,34.77
S1011R01,ok,146.11,145.66,39.67
S1011R02,ok,173.00,155.50,37.47
S1011R03,ok,154.50,162.50,40.87
S1011R04,ok,156.96,171.39,41.39
S1011R05,ok,145.05,143.24,40.77
S1011R06,ok,149.92,154.83,37.51
S1011R07,ok,139.65,162.04,37.50
S1011R08,ok,153.00,155.00,31.78
S1011R09,ok,157.00,142.00,39.62
S1011R10,ok,167.01,159.35,37.02
S1012R01,ok,128.00,174.26,38.38
S1012R02,ok,139.87,170.16,43.43
S1012R03,ok,158.00,172.82,38.03
S1012R04,ok,163.50,146.50,39.04
S1012R05,ok,181.99,167.40,38.25
S1012R06,ok,167.50,178.84,44.66
S1013L01,ok,131.50,165.96,30.88
S1013L02,ok,123.00,167.00,33.96
S1013L03,ok,141.92,149.21,32.80
S1013L04,ok,134.04,163.64,32.91
S1013L05,ok,124.91,166.53,33.72
S1013L06,ok,123.81,165.05,34.21
S1013L07,ok,148.57,161.71,34.89
S1014L01,ok,166.96,173.04,42.15
S1014L02,ok,149.50,162.07,43.42
S1014L03,ok,188.50,178.50,41.86
S1014L04,ok,186.58,169.17,43.68
S1014L05,ok,139.50,173.00,42.36
S1014L06,ok,154.00,163.38,41.60
S1014L07,ok,145.80,171.96,44.91
S1015R01,ok,137.85,181.96,37.10
S1015R02,ok,157.16,179.81,42.60
S1015R03,ok,144.00,163.00,40.61
S1015R04,ok,150.00,184.34,38.98
S1015R05,ok,135.45,173.91,39.64
S1016L01,ok,192.13,169.26,43.46
S1016L02,ok,138.52,159.67,47.10
S1016L03,ok,178.00,187.81,44.37
S1016L04,ok,155.00,173.66,44.07
S1017R01,ok,140.50,171.00,36.58
S1017R02,ok,169.02,191.92,35.98
S1017R03,ok,176.30,205.85,35.16
S1017R04,ok,148.46,179.35,36.24
S1017R05,ok,145.50,187.00,38.55
S1017R06,ok,158.11,186.59,37.91
S1018R01,ok,156.50,207.00,32.31
S1018R02,ok,140.61,184.50,37.28
S1018R03,ok,147.56,196.99,36.99
S1019L01,ok,157.28,164.96,41.38
S1019L02,ok,157.29,182.53,44.68
S1019L03,ok,156.00,187.50,53.93
S1019L04,ok,153.69,193.55,57.12
S1019L05,ok,153.77,190.13,49.66
S1019L06,ok,170.00,190.90,50.26
S1019L07,ok,149.50,174.15,44.49
S1019L08,ok,152.09,190.13,40.90
S1019L09,ok,164.00,172.74,46.78
S1019L10,ok,145.49,179.19,40.33
S1019L11,ok,163.50,181.37,43.86
S1019L12,ok,152.34,186.21,51.64
S1019L13,ok,147.18,178.43,47.67
S1019L14,ok,154.12,175.42,51.07
S1019R01,ok,149.85,192.27,39.86
S1019R02,ok,174.00,188.00,46.39
S1019R03,ok,196.90,200.37,40.69
S1019R04,ok,160.33,198.31,43.84
S1019R05,ok,194.09,199.42,41.87
S1019R06,ok,176.58,212.11,39.14
S1019R07,ok,173.89,176.71,48.39
S1019R08,ok,165.18,184.66,51.17
S1019R09,ok,165.69,211.78,45.98
S1019R10,ok,176.98,195.42,48.09
S1019R11,ok,168.05,181.89,42.60
S1019R12,ok,165.50,164.90,43.25
S1019R13,ok,184.00,192.50,40.12
S1019R14,ok,176.12,186.90,44.01
S1019R15,ok,160.50,188.32,50.88
S1019R16,ok,187.96,149.89,43.30
S1019R17,ok,207.98,167.69,45.41
S1019R18,ok,173.00,167.65,46.05
S1019R19,ok,193.29,169.36,43.68
S1019R20,ok,157.99,170.81,39.81
S1019R21,ok,169.40,169.79,36.81
S1019R22,ok,147.98,166.83,42.93
S1019R23,ok,152.56,192.06,42.43
S1019R24,ok,152.96,174.51,45.21
S1019R25,ok,184.50,183.84,40.54
S1019R26,ok,174.88,180.41,46.78
S1020L01,ok,158.22,174.50,41.06
S1020R01,ok,165.00,170.64,36.70
S1020R02,ok,157.94,189.60,40.70
S1020R03,ok,137.50,178.33,45.14
S1020R04,ok,138.00,177.95,45.23
S1020R05,ok,139.83,176.83,39.18
S1021L01,ok,159.36,161.57,40.50
S1021L02,ok,161.66,157.13,43.38
S1021L03,ok,161.50,163.50,38.06
S1021L04,ok,158.29,163.77,38.37
S1021L05,ok,168.00,159.17,36.18
S1021L06,ok,156.18,160.11,42.51
S1021R01,ok,160.00,163.92,33.46
S1021R02,ok,163.00,164.07,34.07
S1022L01,ok,176.91,143.17,27.12
S1022L02,ok,153.71,198.71,27.69
S1022L03,ok,178.50,193.00,28.11
S1022L04,ok,156.50,184.50,28.15
S1022L05,ok,172.71,199.59,27.58
S1023R01,ok,165.00,147.50,30.32
S1023R02,ok,146.00,171.00,30.41
S1023R03,ok,131.00,183.50,29.12
S1023R04,ok,129.98,183.41,29.03
S1023R05,ok,132.22,184.11,29.29
S1024R01,ok,169.03,145.56,41.24
S1024R02,ok,174.33,170.54,39.13
S1025L01,ok,158.65,152.97,39.49
S1025L02,ok,167.00,162.00,34.54
S1025L03,ok,155.81,157.62,39.87
S1025L04,ok,167.61,162.25,34.55
S1025L05,ok,163.37,150.89,40.07
S1026R01,ok,185.55,163.26,30.94
S1026R02,ok,158.35,140.23,36.52
S1026R03,ok,158.34,140.61,36.65
S1027L01,ok,172.00,188.00,39.32
S1027L02,ok,154.14,198.25,37.87
S1027L03,ok,166.50,180.50,40.21
S1027L04,ok,152.14,196.25,37.87
S1027L05,ok,172.74,182.65,39.33
S1028L01,ok,185.00,157.00,54.78
S1028L02,ok,153.09,147.55,50.72
S1028L03,ok,170.00,178.23,49.86
S1028L04,ok,154.00,184.00,48.37
S1028L05,ok,173.54,178.54,52.32
S1028L06,ok,175.34,165.90,52.28
S1028L07,ok,173.14,162.59,52.05
S1028L08,ok,185.26,149.50,50.54
S1028L09,ok,182.83,133.64,50.87
S1028L10,ok,178.05,144.77,50.72
S1028L11,ok,165.86,162.69,50.15
S1028L12,ok,171.16,175.75,49.53
S1028R01,ok,145.11,142.00,49.15
S1028R02,ok,141.80,132.24,49.62
S1028R03,ok,149.73,154.65,46.73
S1028R04,ok,130.42,167.93,48.52
S1028R05,ok,145.24,153.00,48.00
S1028R06,ok,126.78,169.36,45.39
S1028R07,ok,144.96,173.80,52.35
S1028R08,ok,143.54,141.70,49.64
S1028R09,ok,153.62,140.48,51.06
S1028R10,ok,162.00,152.55,48.71
S1029L01,ok,195.42,185.81,49.39
S1029L02,ok,184.50,162.00,43.35
S1029L03,ok,188.50,179.50,49.93
S1029L04,ok,184.50,173.60,52.80
S1029L05,ok,185.00,183.11,46.28
S1029L06,ok,191.00,179.08,48.59
S1029L07,ok,201.89,171.24,43.52
S1029L08,ok,188.50,162.13,46.20
S1029L09,ok,163.50,177.50,43.64
S1029L10,ok,199.50,160.97,46.04
S1029R01,ok,143.50,168.20,49.93
S1029R02,ok,158.59,175.77,47.97
S1029R03,ok,158.66,155.79,52.06
S1029R04,ok,156.17,178.19,50.23
S1029R05,ok,154.50,160.50,51.23
S1029R06,ok,175.50,171.00,52.54
S1029R07,ok,167.72,183.35,52.92
S1029R08,ok,168.50,168.87,48.08
S1029R09,ok,165.27,164.96,43.20
S1029R10,ok,171.00,178.89,47.28
S1030L01,ok,158.50,167.97,50.09
S1030L02,ok,166.20,147.94,51.32
S1030L03,ok,145.50,167.50,48.81
S1030L04,ok,134.78,141.65,49.43
S1030L05,ok,163.57,165.08,49.66
S1030L06,ok,161.30,172.23,46.71
S1030L07,ok,150.73,161.42,48.56
S1030L08,ok,147.70,169.36,48.34
S1030L09,ok,153.49,154.03,47.25
S1030L10,ok,171.16,156.00,48.05
S1030R01,ok,139.50,150.77,48.36
S1030R02,ok,151.38,187.63,50.50
S1030R03,ok,126.78,149.74,44.45
S1030R04,ok,142.04,154.14,40.46
S1030R05,ok,158.00,154.33,45.38
S1030R06,ok,123.00,161.56,47.82
S1030R07,ok,129.50,163.42,51.13
S1030R08,ok,144.00,161.03,52.21
S1030R09,ok,149.00,182.00,41.44
S1030R10,ok,152.38,173.29,52.42
S1031L01,ok,182.80,169.18,27.32
S1031L02,ok,182.53,169.13,27.24
S1032L01,ok,160.00,174.50,32.27
S1032L02,ok,150.50,179.22,35.81
S1032L03,ok,152.00,180.33,35.03
S1032L04,ok,163.14,158.56,35.77
S1032L05,ok,167.65,173.88,32.56
S1033L01,ok,168.50,172.81,40.34
S1033L02,ok,174.63,184.29,38.86
S1033L03,ok,170.00,171.50,40.12
S1033L04,ok,173.50,184.00,38.73
S1033L05,ok,173.00,169.57,39.88
S1034R01,ok,178.00,178.26,38.38
S1034R02,ok,172.12,157.48,37.17
S1034R03,ok,178.03,179.85,38.48
S1034R04,ok,173.50,155.08,37.49
S1034R05,ok,178.33,182.16,38.26
S1035L01,ok,157.46,175.75,62.36
S1035L02,ok,155.66,187.28,56.24
S1035L03,ok,158.04,174.66,62.44
S1035L04,ok,162.94,186.85,56.58
S1035L05,ok,159.15,177.54,62.17
S1036L01,ok,161.85,184.93,34.67
S1036L02,ok,131.35,167.00,32.68
S1036L03,ok,152.03,182.83,36.52
S1036L04,ok,159.00,168.81,32.95
S1036L05,ok,159.94,174.71,32.84
S1036L06,ok,155.00,179.13,31.91
S1036L07,ok,161.35,179.23,33.43
S1036L08,ok,149.63,152.94,32.24
S1036L09,ok,137.20,162.21,32.43
S1036L10,ok,148.11,170.56,31.82
S1036R01,ok,179.86,166.44,36.31
S1036R02,ok,152.50,145.00,31.20
S1036R03,ok,143.04,159.14,33.87
S1036R04,ok,135.93,157.65,33.88
S1036R05,ok,164.00,159.50,34.31
S1036R06,ok,171.65,173.95,32.12
S1036R07,ok,146.30,159.92,29.40
S1036R08,ok,126.19,169.41,31.83
S1036R09,ok,123.00,160.50,32.10
S1036R10,ok,117.50,161.50,30.21
S1037R01,ok,146.61,131.91,42.05
S1037R02,ok,143.50,150.44,41.80
S1037R03,ok,144.24,150.40,41.14
S1038L01,ok,149.12,166.66,34.72
S1038L02,ok,186.00,166.34,37.00
S1038L03,ok,150.50,167.00,37.27
S1038L04,ok,190.50,169.92,38.47
S1039L01,ok,167.83,143.82,41.98
S1039L02,ok,171.21,148.83,42.16
S1039L03,ok,143.18,163.46,41.67
S1039L04,ok,165.99,144.10,41.88
S1039L05,ok,135.50,163.50,41.65
S1040L01,ok,190.42,176.71,63.90
S1040L02,ok,187.30,167.98,56.22
S1040L03,ok,191.52,176.29,63.68
S1040L04,ok,188.14,168.02,56.33
S1040L05,ok,191.59,175.91,64.03
S1041L01,ok,166.44,155.38,47.59
S1041L02,ok,150.13,177.62,44.37
S1041L03,ok,169.00,175.00,45.54
S1041L04,ok,145.25,179.00,45.29
S1041L05,ok,170.80,175.07,45.30
S1042L01,ok,160.00,162.50,49.00
S1042L02,ok,156.00,151.32,45.04
S1042L03,ok,145.00,166.68,45.86
S1042L04,ok,175.50,168.50,44.14
S1042L05,ok,152.77,160.40,45.97
S1042L06,ok,150.24,149.09,47.33
S1042L07,ok,168.50,146.57,45.06
S1042L08,ok,157.50,147.00,43.83
S1042L09,ok,151.74,149.31,39.66
S1042L10,ok,162.05,152.14,44.27
S1042R01,ok,148.54,147.50,44.97
S1042R02,ok,165.60,137.23,45.23
S1042R03,ok,155.60,159.17,40.19
S1042R04,ok,151.53,142.75,43.89
S1042R05,ok,137.90,161.38,41.82
S1042R06,ok,152.50,151.00,41.51
S1042R07,ok,151.50,157.75,40.77
S1042R08,ok,154.05,162.99,38.47
S1042R09,ok,161.24,152.28,41.45
S1042R10,ok,153.11,157.63,38.00
S1043L01,ok,152.24,143.93,39.36
S1043L02,ok,153.50,200.34,36.22
S1043L03,ok,137.99,164.03,39.59
S1043L04,ok,169.02,109.72,42.47
S1043L05,ok,172.00,177.88,39.34
S1043L06,ok,168.00,168.49,41.50
S1043L07,ok,165.94,171.07,42.37
S1043L08,ok,153.33,200.02,35.96
S1043L09,ok,131.00,142.00,38.48
S1043L10,ok,194.41,142.08,39.48
S1043R01,ok,164.21,173.24,52.50
S1043R02,ok,178.82,185.87,47.24
S1043R03,ok,171.61,178.16,39.30
S1043R04,ok,168.07,143.84,48.66
S1043R05,ok,170.92,164.07,49.76
S1043R06,ok,163.89,173.06,52.43
S1043R07,ok,168.29,179.07,40.03
S1043R08,ok,176.57,187.41,48.33
S1043R09,ok,168.37,142.34,47.13
S1044L01,ok,163.00,139.93,32.32
S1044L02,ok,143.07,161.45,32.70
S1044L03,ok,183.38,150.46,31.67
S1044L04,ok,158.87,143.81,31.20
S1044L05,ok,171.40,132.80,29.16
S1044L06,ok,170.50,171.40,31.09
S1044R01,ok,153.50,186.00,37.27
S1045L01,ok,153.43,184.79,44.02
S1045L02,ok,151.34,190.83,43.59
S1045L03,ok,157.00,200.50,44.85
S1045L04,ok,121.47,186.55,41.44
S1045L05,ok,154.23,182.50,42.18
S1045L06,ok,166.30,169.90,40.93
S1045L07,ok,191.31,183.77,42.90
S1045L08,ok,165.67,167.21,44.46
S1045L09,ok,121.62,184.05,46.42
S1045L10,ok,184.36,178.90,46.70
S1045L11,ok,174.57,175.79,44.72
S1045R01,ok,116.07,163.96,39.08
S1045R02,ok,126.00,170.77,43.34
S1045R03,ok,135.50,168.93,35.36
S1045R04,ok,128.00,148.80,38.27
S1045R05,ok,154.26,147.00,38.59
S1045R06,ok,139.40,181.00,37.55
S1045R07,ok,139.60,163.60,41.27
S1045R08,ok,125.35,188.14,40.41
S1045R09,ok,133.59,183.23,40.91
S1045R10,ok,145.00,170.61,43.80
S1046R01,ok,158.00,156.81,35.32
S1046R02,ok,169.00,164.55,38.66
S1046R03,ok,169.50,170.50,38.06
S1046R04,ok,155.50,151.56,39.97
S1047L01,ok,193.81,130.14,29.44
S1047L02,ok,180.15,156.82,30.46
S1047L03,ok,183.87,173.75,29.54
S1047L04,ok,183.44,165.78,29.58
S1047L05,ok,183.85,170.98,30.42
S1047L06,ok,183.61,144.47,29.22
S1047R01,ok,166.27,159.49,32.56
S1048R01,ok,180.02,115.90,35.53
S1048R02,ok,120.64,173.76,32.61
S1048R03,ok,124.91,135.98,31.58
S1048R04,ok,127.67,136.83,31.69
S1048R05,ok,116.13,182.74,31.91
S1048R06,ok,133.04,149.52,36.49
S1049L01,ok,145.00,134.74,39.37
S1049L02,ok,149.39,140.03,43.11
S1049L03,ok,164.53,143.61,45.74
S1049L04,ok,170.09,135.62,41.39
S1049L05,ok,179.86,115.00,39.34
S1050L01,ok,154.61,153.12,39.82
S1050L02,ok,144.15,135.54,37.59
S1050L03,ok,158.88,150.64,38.97
S1050L04,ok,149.95,135.71,37.38
S1050L05,ok,142.72,129.38,36.92
S1051R01,ok,168.44,161.00,41.74
S1051R02,ok,184.27,147.62,40.77
S1051R03,ok,158.94,163.82,42.03
S1051R04,ok,166.89,174.45,39.92
S1051R05,ok,162.26,161.61,40.97
S1052L01,ok,157.00,159.63,63.02
S1052L02,ok,170.25,149.19,60.04
S1052L03,ok,143.96,162.83,62.48
S1052L04,ok,160.73,136.36,61.96
S1052L05,ok,183.00,142.92,55.66
S1053L01,ok,160.88,155.43,54.80
S1053L02,ok,159.55,155.75,54.59
S1053L03,ok,146.03,140.84,48.67
S1053L04,ok,160.00,144.50,49.16
S1053L05,ok,147.34,169.45,53.13
S1053L06,ok,150.00,162.00,51.66
S1053L07,ok,158.89,145.56,49.08
S1053L08,ok,159.88,155.29,54.69
S1053L09,ok,161.28,154.92,54.87
S1053L10,ok,147.05,153.86,52.35
S1053L11,ok,159.92,143.62,56.65
S1053L12,ok,159.15,161.19,53.62
S1053L13,ok,161.49,158.04,55.47
S1053R01,ok,192.90,178.51,42.92
S1053R02,ok,196.00,163.42,46.12
S1053R03,ok,197.50,166.66,42.02
S1053R04,ok,181.18,180.34,44.54
S1053R05,ok,181.41,168.29,46.73
S1053R06,ok,184.40,164.89,46.34
S1053R07,ok,173.50,165.50,47.10
S1053R08,ok,181.20,175.65,45.65
S1053R09,ok,172.07,167.42,47.12
S1053R10,ok,169.62,175.55,46.89
S1054L01,ok,183.50,139.50,40.21
S1054L02,ok,174.50,146.50,39.65
S1054L03,ok,187.50,142.00,40.25
S1054L04,ok,166.62,148.15,39.29
S1055L01,ok,149.51,168.04,38.23
S1055L02,ok,143.66,157.01,37.02
S1055L03,ok,149.62,140.44,32.76
S1055L04,ok,162.76,145.84,35.52
S1055L05,ok,151.72,143.72,33.06
S1056L01,ok,174.02,132.95,34.48
S1056L02,ok,181.33,161.94,34.35
S1056L03,ok,168.49,170.69,32.16
S1056L04,ok,145.40,158.58,32.90
S1056L05,ok,177.63,148.76,36.16
S1057R01,ok,155.00,164.50,47.59
S1057R02,ok,176.50,164.00,47.02
S1057R03,ok,152.71,160.35,49.06
S1057R04,ok,147.66,154.98,48.21
S1057R05,ok,153.44,162.32,49.89
S1058R01,ok,181.00,145.50,43.25
S1058R02,ok,201.79,154.77,41.40
S1058R03,ok,156.00,142.00,42.19
S1058R04,ok,204.17,137.38,40.95
S1058R05,ok,194.50,162.00,42.66
S1059L01,ok,125.50,125.50,38.06
S1059L02,ok,143.00,146.00,38.64
S1059L03,ok,165.50,133.55,38.71
S1059L04,ok,146.58,135.99,39.16
S1059L05,ok,147.00,136.64,41.94
S1060L01,ok,132.09,125.95,53.30
S1060L02,ok,140.56,119.96,42.53
S1060L03,ok,115.00,131.50,53.73
S1060L04,ok,144.00,122.07,50.42
S1060L05,ok,127.37,124.37,49.69
S1060L06,ok,139.81,134.94,48.34
S1060L07,ok,134.00,106.50,47.02
S1060L08,ok,122.36,127.83,45.19
S1060L09,ok,146.71,131.66,50.71
S1060L10,ok,140.67,120.62,47.01
S1060R01,ok,153.79,132.73,51.11
S1060R02,ok,172.00,128.13,43.81
S1060R03,ok,140.73,162.65,46.40
S1060R04,ok,137.00,141.14,47.24
S1060R05,ok,154.54,150.52,45.27
S1060R06,ok,145.62,131.67,48.78
S1060R07,ok,153.20,131.00,43.39
S1060R08,ok,149.81,120.49,48.79
S1060R09,ok,164.98,115.94,38.01
S1060R10,ok,177.51,141.52,40.60
S1061R01,ok,140.50,142.41,34.04
S1061R02,ok,154.00,163.50,35.02
S1061R03,ok,137.50,127.50,35.31
S1061R04,ok,153.05,150.94,36.07
S1061R05,ok,148.00,154.41,35.11
S1062R01,ok,197.74,148.14,37.47
S1062R02,ok,185.77,146.96,39.88
S1062R03,ok,198.74,142.15,35.70
S1062R04,ok,193.00,139.00,36.50
S1062R05,ok,201.41,135.76,39.93
S1063L01,ok,175.77,143.50,52.01
S1063L02,ok,161.75,131.33,52.77
S1063L03,ok,163.72,150.05,44.26
S1063L04,ok,171.65,144.42,41.49
S1063L05,ok,177.63,151.58,42.42
S1063L06,ok,171.74,147.37,47.00
S1063R01,ok,194.00,148.00,66.37
S1063R02,ok,190.48,137.51,62.82
S1063R03,ok,200.14,118.34,65.67
S1063R04,ok,168.76,142.73,64.85
S1063R05,ok,191.38,130.75,62.75
S1063R06,ok,179.17,128.43,61.93
S1063R07,ok,159.59,138.68,64.02
S1064L01,ok,181.05,142.23,53.17
S1064L02,ok,184.22,139.76,51.31
S1064L03,ok,173.00,157.00,49.77
S1064L04,ok,194.50,135.24,53.29
S1064L05,ok,157.54,139.69,53.31
S1064L06,ok,169.42,139.76,53.62
S1064L07,ok,172.83,131.50,55.56
S1064R01,ok,152.34,135.62,60.32
S1064R02,ok,153.81,151.09,57.24
S1064R03,ok,147.54,147.06,56.20
S1064R04,ok,156.73,151.62,56.54
S1064R05,ok,157.85,144.78,56.35
S1064R06,ok,162.00,132.20,55.47
S1064R07,ok,157.39,129.28,58.75
S1065L01,ok,185.22,148.08,44.60
S1065L02,ok,167.21,146.87,42.19
S1065L03,ok,175.95,143.51,45.05
S1065L04,ok,175.31,148.00,42.53
S1065L05,ok,170.21,163.63,40.97
S1065L06,ok,170.59,171.81,38.96
S1065L07,ok,162.38,176.80,39.21
S1065R01,ok,194.50,157.28,50.30
S1065R02,ok,192.94,167.66,45.07
S1065R03,ok,180.50,161.00,48.28
S1065R04,ok,174.59,162.86,44.89
S1065R05,ok,177.81,170.40,41.15
S1065R06,ok,173.47,151.38,45.84
S1065R07,ok,177.64,164.28,39.84
S1066L01,ok,172.15,133.75,45.07
S1066L02,ok,167.76,130.94,49.48
S1066L03,ok,166.80,131.45,49.74
S1066L04,ok,157.03,117.70,53.27
S1066L05,ok,169.50,115.50,53.78
S1066L06,ok,162.74,133.23,53.56
S1066L07,ok,164.00,102.50,52.97
S1066R01,ok,151.19,146.00,42.72
S1066R02,ok,175.00,152.00,42.20
S1066R03,ok,167.64,168.11,41.27
S1066R04,ok,171.00,125.50,43.90
S1066R05,ok,178.96,137.62,43.33
S1066R06,ok,149.14,141.35,42.16
S1066R07,ok,142.03,140.32,41.75
S1067L01,ok,134.00,126.43,37.78
S1067L02,ok,162.55,149.53,38.93
S1067L03,ok,176.50,141.50,38.35
S1067L04,ok,163.00,139.63,42.81
S1067L05,ok,178.00,122.50,40.12
S1067L06,ok,163.25,136.22,37.82
S1067L07,ok,172.98,144.85,37.50
S1067R01,ok,153.81,120.34,44.92
S1067R02,ok,153.34,134.43,44.78
S1067R03,ok,159.05,127.79,41.99
S1067R04,ok,164.50,137.25,43.89
S1067R05,ok,175.30,125.34,43.72
S1067R06,ok,157.50,130.00,43.14
S1067R07,ok,163.47,136.61,40.29
S1068L01,ok,162.37,136.72,50.16
S1068L02,ok,170.36,136.20,45.24
S1068L03,ok,161.00,140.50,48.35
S1068L04,ok,158.00,132.00,48.51
S1068L05,ok,139.19,135.36,44.94
S1068L06,ok,131.47,141.66,46.12
S1068L07,ok,119.00,153.57,44.98
S1068R01,ok,156.75,161.51,54.58
S1068R02,ok,184.00,148.50,53.58
S1068R03,ok,187.93,132.19,54.95
S1068R04,ok,176.78,127.00,53.80
S1068R05,ok,199.90,147.07,51.57
S1068R06,ok,184.50,155.50,51.62
S1069L01,ok,156.30,140.09,45.40
S1069L02,ok,162.50,136.64,39.36
S1069L03,ok,176.50,142.10,46.12
S1069L04,ok,165.50,178.50,45.30
S1069L05,ok,186.21,154.65,47.00
S1069L06,ok,201.22,134.05,45.25
S1069L07,ok,169.00,136.82,45.53
S1069R01,ok,164.91,182.73,50.98
S1069R02,ok,180.38,166.54,50.35
S1069R03,ok,145.99,185.45,49.91
S1069R04,ok,168.30,163.21,48.92
S1069R05,ok,137.64,159.13,51.56
S1069R06,ok,177.92,179.49,55.96
S1070L01,ok,196.72,130.44,41.57
S1070L02,ok,170.00,133.13,41.18
S1070L03,ok,138.00,149.43,40.70
S1070L04,ok,142.00,145.27,40.18
S1070L05,ok,137.93,140.34,39.87
S1070L06,ok,139.50,150.95,39.21
S1070L07,ok,147.00,154.06,38.27
S1070R01,ok,174.00,138.00,48.51
S1070R02,ok,154.50,120.77,46.55
S1070R03,ok,177.00,125.00,47.52
S1070R04,ok,147.89,104.95,45.34
S1070R05,ok,148.50,108.03,45.10
S1070R06,ok,157.69,136.51,45.92
S1071L01,ok,187.50,144.50,43.98
S1071L02,ok,177.00,146.41,42.18
S1071L03,ok,188.50,146.00,42.50
S1071L04,ok,141.50,154.66,41.03
S1071L05,ok,184.50,141.50,45.13
S1071L06,ok,178.00,159.36,41.45
S1071L07,ok,173.56,144.18,38.90
S1071R01,ok,156.63,158.14,46.62
S1071R02,ok,137.60,161.99,45.47
S1071R03,ok,157.59,152.07,44.42
S1071R04,ok,151.50,152.93,43.42
S1071R05,ok,172.00,157.50,42.26
S1071R06,ok,168.00,135.65,46.05
S1071R07,ok,158.00,160.50,45.77
S1072L01,ok,175.38,150.36,51.92
S1072L02,ok,155.01,158.46,51.03
S1072L03,ok,166.43,156.93,51.36
S1072L04,ok,163.43,151.76,47.20
S1072L05,ok,157.00,156.00,49.04
S1072L06,ok,157.92,158.88,47.96
S1072L07,ok,171.46,161.04,50.16
S1072R01,ok,146.88,134.60,51.50
S1072R02,ok,160.50,126.00,48.90
S1072R03,ok,162.50,110.00,51.70
S1072R04,ok,161.00,137.57,48.94
S1072R05,ok,138.41,131.24,46.23
S1072R06,ok,175.42,121.16,47.81
S1072R07,ok,156.65,134.95,47.93
S1073L01,ok,164.12,121.03,50.00
S1073L02,ok,188.40,129.21,51.32
S1073L03,ok,158.17,117.81,50.23
S1073L04,ok,159.32,137.39,50.15
S1073L05,ok,180.12,109.50,48.19
S1073L06,ok,175.42,154.00,48.57
S1073L07,ok,172.30,148.83,50.04
S1073R01,ok,149.24,139.35,42.97
S1073R02,ok,142.40,133.52,47.27
S1073R03,ok,153.23,138.28,47.01
S1073R04,ok,153.74,153.60,50.63
S1073R05,ok,168.00,146.50,45.21
S1073R06,ok,169.52,139.82,48.12
S1073R07,ok,161.23,133.26,49.92
S1074L01,ok,162.50,148.77,40.92
S1074L02,ok,132.00,142.00,40.45
S1074L03,ok,138.51,121.45,39.71
S1074L04,ok,157.50,140.43,40.95
S1074L05,ok,155.74,131.55,34.13
S1074L06,ok,156.50,133.00,40.38
S1074L07,ok,167.05,144.38,41.82
S1074R01,ok,135.90,181.37,44.98
S1074R02,ok,132.99,174.22,38.69
S1074R03,ok,131.50,160.50,42.17
S1074R04,ok,130.46,155.96,42.11
S1074R05,ok,184.00,147.60,43.34
S1074R06,ok,171.96,159.24,41.54
S1074R07,ok,201.00,149.87,40.92
S1075L01,ok,173.29,152.40,49.93
S1075L02,ok,158.65,142.86,48.47
S1075L03,ok,158.32,151.90,47.52
S1075L04,ok,166.28,140.27,46.66
S1075L05,ok,167.13,152.15,46.95
S1075L06,ok,166.50,136.50,50.10
S1075R01,ok,184.16,106.96,47.12
S1075R02,ok,166.04,102.67,37.98
S1075R03,ok,173.74,127.88,36.65
S1075R04,ok,162.50,123.35,36.93
S1075R05,ok,144.07,136.90,36.59
S1075R06,ok,160.69,134.74,39.43
S1076L01,ok,146.15,141.51,57.81
S1076L02,ok,156.34,151.63,55.99
S1076L03,ok,162.00,173.26,53.35
S1076L04,ok,141.07,178.42,52.92
S1076L05,ok,167.81,161.84,54.93
S1076L06,ok,155.00,164.50,55.25
S1076L07,ok,149.50,147.26,57.23
S1076R01,ok,157.00,116.00,53.34
S1076R02,ok,144.58,143.14,53.14
S1076R03,ok,156.67,171.13,51.70
S1076R04,ok,155.50,146.50,54.21
S1076R05,ok,169.00,152.83,53.17
S1076R06,ok,176.00,153.50,53.65
S1076R07,ok,169.75,157.01,55.15
S1077R01,ok,146.11,137.04,54.64
S1077R02,ok,146.68,145.23,51.16
S1077R03,ok,152.25,132.36,52.08
S1077R04,ok,148.68,139.19,50.99
S1077R05,ok,162.60,132.84,50.70
S1077R06,ok,155.63,127.37,46.84
S1077R07,ok,153.05,130.99,48.27
S1078L01,ok,145.54,146.50,44.14
S1078L02,ok,146.35,133.81,44.05
S1078L03,ok,185.90,137.16,42.15
S1078L04,ok,175.47,137.82,42.68
S1078L05,ok,158.97,139.95,44.23
S1078L06,ok,142.29,126.20,37.99
S1078L07,ok,132.01,128.54,39.50
S1078R01,ok,139.96,156.37,48.47
S1078R02,ok,145.50,151.98,45.48
S1078R03,ok,145.95,144.81,48.69
S1078R04,ok,136.50,154.22,48.53
S1078R05,ok,159.72,138.26,47.98
S1078R06,ok,152.97,146.68,43.73
S1078R07,ok,152.00,144.50,43.25
S1079L01,ok,168.78,155.70,41.34
S1079L02,ok,173.14,147.13,38.74
S1079L03,ok,167.58,140.76,39.79
S1079L04,ok,161.00,144.00,41.05
S1079L05,ok,159.50,158.50,40.21
S1079L06,ok,161.53,146.01,38.55
S1079L07,ok,155.50,154.08,38.47
S1079R01,ok,133.42,153.01,45.22
S1079R02,ok,135.22,162.55,42.17
S1079R03,ok,134.00,160.50,42.26
S1079R04,ok,128.00,168.00,41.59
S1079R05,ok,128.00,151.50,41.28
S1079R06,ok,146.50,150.85,41.22
S1079R07,ok,139.03,161.59,42.18
S1080L01,ok,149.50,137.79,46.01
S1080L02,ok,163.50,116.00,46.78
S1080L03,ok,151.00,145.00,45.54
S1080L04,ok,149.00,120.33,46.37
S1080L05,ok,165.50,141.16,47.61
S1080L06,ok,170.00,112.65,46.05
S1080L07,ok,165.00,111.50,51.97
S1080R01,ok,143.64,95.35,50.93
S1080R02,ok,132.57,136.79,53.48
S1080R03,ok,150.50,127.00,52.28
S1080R04,ok,151.00,157.00,50.99
S1080R05,ok,139.70,137.09,48.08
S1081L01,ok,178.33,159.72,42.42
S1081L02,ok,159.50,162.74,50.46
S1081L03,ok,170.91,157.25,46.79
S1081L04,ok,166.61,160.33,49.39
S1081L05,ok,180.31,137.01,49.76
S1081L06,ok,162.81,160.60,44.56
S1081L07,ok,187.16,141.74,50.40
S1081L08,ok,167.00,163.41,58.83
S1081L09,ok,169.27,159.85,58.66
S1081L10,ok,171.69,153.15,56.10
S1081R01,ok,161.20,155.34,46.71
S1081R02,ok,153.19,168.50,47.15
S1081R03,ok,153.30,153.30,48.29
S1081R04,ok,162.77,144.96,48.66
S1081R05,ok,162.58,166.87,52.15
S1081R06,ok,155.40,162.05,52.14
S1081R07,ok,160.50,159.72,41.79
S1081R08,ok,148.25,147.94,51.33
S1081R09,ok,146.67,153.82,44.43
S1081R10,ok,152.45,169.74,43.40
S1082L01,ok,165.44,150.06,42.43
S1082L02,ok,180.99,133.46,40.65
S1082L03,ok,193.50,153.50,43.34
S1082L04,ok,175.12,162.00,39.60
S1082L05,ok,159.70,156.79,38.49
S1082L06,ok,169.58,136.91,41.98
S1082L07,ok,170.65,158.43,42.27
S1082R01,ok,132.00,137.64,43.92
S1082R02,ok,157.10,146.91,45.99
S1082R03,ok,149.81,151.64,44.52
S1082R04,ok,152.37,147.15,41.23
S1082R05,ok,166.31,145.13,46.62
S1082R06,ok,148.73,145.21,44.65
S1082R07,ok,154.68,160.38,43.19
S1083L01,ok,174.56,144.18,39.55
S1083L02,ok,174.03,129.09,38.18
S1083L03,ok,147.76,140.83,40.58
S1083L04,ok,165.28,145.79,39.88
S1083L05,ok,163.51,141.65,40.06
S1083L06,ok,151.00,146.10,40.90
S1083L07,ok,160.80,137.66,42.07
S1083R01,ok,173.23,152.98,44.08
S1083R02,ok,179.16,141.75,44.45
S1083R03,ok,168.61,137.78,45.56
S1083R04,ok,168.74,141.38,45.05
S1083R05,ok,158.50,146.41,43.94
S1083R06,ok,167.50,148.83,45.31
S1083R07,ok,167.50,140.12,45.35
S1084L01,ok,173.23,164.04,43.08
S1084L02,ok,174.75,163.74,44.51
S1084L03,ok,176.13,150.16,50.81
S1084L04,ok,171.66,158.16,45.85
S1084L05,ok,175.72,172.01,53.25
S1084L06,ok,177.14,174.88,52.65
S1084L07,ok,165.92,167.79,52.42
S1084R01,ok,148.90,163.31,38.35
S1084R02,ok,159.96,160.10,40.11
S1084R03,ok,164.50,171.50,39.65
S1084R04,ok,146.88,152.10,42.21
S1084R05,ok,157.55,165.05,42.19
S1084R06,ok,147.50,158.84,40.54
S1084R07,ok,146.59,160.15,38.92
S1085L01,ok,160.71,124.76,50.52
S1085L02,ok,190.78,131.42,49.11
S1085L03,ok,146.50,123.08,46.53
S1085L04,ok,142.50,161.00,44.14
S1085L05,ok,150.24,152.09,47.33
S1085L06,ok,171.08,116.77,52.56
S1085L07,ok,157.24,111.02,48.21
S1085R01,ok,160.97,148.18,56.26
S1085R02,ok,167.23,135.27,53.53
S1085R03,ok,140.00,168.63,53.14
S1085R04,ok,157.00,140.00,55.44
S1085R05,ok,153.56,116.25,53.44
S1085R06,ok,197.56,135.44,53.31
S1085R07,ok,200.98,154.57,54.03
S1086L01,ok,164.11,141.88,46.03
S1086L02,ok,150.98,136.08,49.56
S1086L03,ok,170.50,137.50,49.42
S1086L04,ok,163.42,139.78,46.98
S1086L05,ok,164.09,140.73,50.98
S1086L06,ok,134.00,138.50,47.36
S1086R01,ok,160.61,142.81,51.10
S1086R02,ok,149.50,137.28,49.30
S1086R03,ok,173.80,142.76,55.37
S1086R04,ok,181.74,144.00,56.25
S1086R05,ok,185.31,138.95,49.50
S1086R06,ok,179.84,143.86,51.37
S1086R07,ok,180.11,138.35,50.69
S1087L01,ok,191.50,138.50,46.52
S1087L02,ok,128.74,123.19,46.72
S1087L03,ok,152.84,158.36,46.09
S1087L04,ok,145.46,146.21,44.85
S1087L05,ok,202.15,141.97,44.47
S1087L06,ok,153.21,152.90,46.01
S1087L07,ok,183.17,161.20,42.45
S1087R01,ok,137.78,149.59,47.81
S1087R02,ok,175.23,160.40,49.07
S1087R03,ok,142.00,153.00,47.20
S1087R04,ok,155.05,158.26,49.83
S1087R05,ok,180.35,173.31,48.47
S1087R06,ok,173.39,168.56,49.66
S1088L01,ok,159.82,157.77,46.39
S1088L02,ok,174.98,150.09,45.45
S1088L03,ok,163.90,152.54,46.08
S1088L04,ok,174.50,155.50,44.66
S1088L05,ok,176.50,139.00,45.48
S1088L06,ok,168.66,148.46,41.80
S1088L07,ok,160.85,142.24,41.50
S1088R01,ok,138.15,150.07,47.18
S1088R02,ok,132.84,138.45,47.60
S1088R03,ok,178.50,161.78,48.53
S1088R04,ok,166.25,154.90,50.43
S1088R05,ok,166.76,152.56,48.84
S1088R06,ok,164.00,174.91,47.77
S1088R07,ok,160.06,160.98,49.73
S1089L01,ok,137.13,175.58,46.14
S1089L02,ok,160.35,157.83,50.05
S1089L03,ok,162.78,141.31,50.09
S1089L04,ok,161.76,157.83,50.63
S1089L05,ok,148.50,154.38,49.97
S1089L06,ok,169.00,153.50,49.52
S1089L07,ok,171.50,134.50,50.09
S1089R01,ok,138.50,164.92,55.73
S1089R02,ok,156.00,141.50,55.94
S1089R03,ok,167.40,151.58,54.44
S1089R04,ok,185.26,153.06,52.76
S1089R05,ok,170.01,143.59,54.97
S1089R06,ok,169.50,151.89,56.16
S1089R07,ok,159.11,171.56,54.17
S1090L01,ok,158.80,147.34,42.07
S1090L02,ok,181.47,153.84,43.40
S1090L03,ok,166.16,143.58,40.01
S1090L04,ok,186.00,139.54,51.70
S1090L05,ok,159.00,137.09,44.64
S1090L06,ok,167.00,160.00,44.38
S1090L07,ok,145.50,136.07,42.43
S1090R01,ok,161.50,142.50,45.96
S1090R02,ok,153.57,144.90,46.69
S1090R03,ok,171.50,137.00,45.62
S1090R04,ok,164.02,150.34,44.71
S1090R05,ok,161.00,142.70,47.56
S1090R06,ok,177.00,149.85,44.87
S1090R07,ok,179.12,163.31,46.85
S1091L01,ok,165.88,164.48,55.12
S1091L02,ok,157.72,173.06,53.50
S1091L03,ok,137.10,165.09,54.05
S1091R01,ok,154.00,167.85,48.52
S1091R02,ok,172.00,149.00,44.72
S1091R03,ok,153.52,147.59,49.59
S1091R04,ok,181.01,136.80,48.57
S1091R05,ok,174.70,160.30,48.29
S1091R06,ok,182.75,170.26,49.82
S1092L01,ok,182.00,160.57,52.21
S1092L02,ok,166.68,180.34,40.89
S1092L03,ok,174.97,168.45,53.25
S1092L04,ok,176.68,158.05,51.63
S1092L05,ok,162.18,164.13,50.88
S1092L06,ok,184.84,160.50,47.99
S1092L07,ok,162.74,179.14,45.54
S1092L08,ok,170.61,181.46,42.82
S1092L09,ok,166.65,183.57,43.65
S1092L10,ok,152.80,179.21,40.27
S1092R01,ok,152.00,149.63,47.20
S1092R02,ok,155.46,147.83,47.77
S1092R03,ok,147.16,161.80,57.88
S1092R04,ok,148.81,162.18,52.32
S1092R05,ok,123.11,162.18,49.45
S1092R06,ok,154.92,162.23,52.74
S1092R07,ok,135.00,168.50,49.52
S1092R08,ok,127.76,162.79,44.65
S1092R09,ok,142.48,172.11,41.26
S1092R10,ok,159.76,150.21,41.34
S1093L01,ok,135.16,158.24,51.09
S1093L02,ok,139.86,158.57,47.88
S1093L03,ok,159.70,153.06,49.17
S1093L04,ok,149.60,156.48,49.81
S1093L05,ok,153.09,165.77,52.39
S1093L06,ok,137.28,139.05,47.81
S1093L07,ok,127.45,161.18,44.96
S1093L08,ok,138.40,158.72,47.34
S1093L09,ok,139.49,158.86,47.60
S1093L10,ok,140.60,157.21,48.00
S1093R01,ok,153.40,153.17,47.64
S1093R02,ok,152.32,140.70,45.72
S1093R03,ok,123.91,150.56,45.81
S1093R04,ok,167.90,151.72,44.11
S1093R05,ok,156.21,157.21,46.26
S1093R06,ok,162.64,132.08,44.54
S1093R07,ok,167.21,149.87,45.86
S1093R08,ok,166.83,159.03,43.94
S1093R09,ok,152.18,187.28,45.03
S1093R10,ok,151.14,140.77,44.95
S1094L01,ok,158.00,161.50,45.05
S1094L02,ok,182.00,149.00,47.27
S1094L03,ok,160.00,146.50,45.77
S1094L04,ok,154.63,143.59,44.62
S1094L05,ok,172.67,149.25,42.38
S1094L06,ok,169.50,138.48,44.01
S1094L07,ok,175.29,143.57,44.87
S1094R01,ok,172.76,125.09,45.59
S1094R02,ok,153.50,124.81,46.64
S1094R03,ok,173.00,133.50,44.55
S1094R04,ok,171.87,114.91,49.61
S1094R05,ok,144.95,121.77,45.94
S1094R06,ok,159.36,123.71,45.73
S1094R07,ok,142.79,123.45,44.45
S1095L01,ok,179.45,156.71,35.37
S1095L02,ok,170.07,162.41,36.10
S1095L03,ok,205.14,154.69,38.65
S1095L04,ok,169.74,136.15,35.17
S1095L05,ok,170.50,140.40,34.22
S1095L06,ok,172.25,153.14,37.39
S1095L07,ok,152.81,145.50,37.74
S1095R01,ok,178.89,142.03,43.01
S1095R02,ok,186.50,135.00,44.04
S1095R03,ok,209.48,147.01,38.02
S1095R04,ok,185.13,142.95,42.05
S1095R05,ok,202.94,139.00,37.84
S1095R06,ok,198.71,132.26,40.91
S1095R07,ok,210.45,133.61,40.64
S1096L01,ok,174.53,150.36,31.68
S1096L02,ok,168.01,138.89,33.13
S1096L03,ok,155.64,156.82,30.30
S1096L04,ok,167.81,143.42,31.85
S1096L05,ok,165.02,153.45,30.15
S1096L06,ok,171.00,153.50,30.57
S1096L07,ok,177.66,162.44,29.93
S1096R01,ok,181.45,144.36,34.96
S1096R02,ok,197.34,143.72,34.32
S1096R03,ok,188.32,142.77,34.35
S1096R04,ok,193.96,151.83,33.07
S1096R05,ok,190.34,162.75,35.02
S1096R06,ok,192.85,160.56,33.71
S1096R07,ok,163.00,166.00,34.23
S1097L01,ok,164.72,136.40,57.21
S1097L02,ok,177.68,119.49,55.87
S1097L03,ok,177.50,137.29,53.82
S1097L04,ok,168.45,128.72,51.80
S1097L05,ok,165.50,143.00,54.83
S1097L06,ok,158.00,139.88,56.21
S1097L07,ok,157.50,119.50,53.78
S1097R01,ok,145.91,142.32,56.59
S1097R02,ok,155.27,140.82,51.31
S1097R03,ok,145.40,130.96,51.61
S1097R04,ok,156.08,146.43,50.06
S1097R05,ok,156.24,143.37,50.15
S1097R06,ok,159.74,148.84,51.21
S1097R07,ok,148.29,136.77,48.25
S1098L01,ok,160.16,147.75,35.62
S1098L02,ok,162.50,148.00,35.79
S1098L03,ok,162.61,159.11,32.56
S1098L04,ok,160.47,150.00,33.31
S1098L05,ok,172.50,158.00,33.68
S1098L06,ok,162.12,156.25,35.66
S1098L07,ok,165.39,147.85,34.31
S1098R01,ok,158.91,153.58,36.93
S1098R02,ok,165.93,145.01,34.53
S1098R03,ok,155.62,158.75,34.55
S1098R04,ok,162.50,148.50,36.28
S1098R05,ok,154.00,151.50,36.88
S1098R06,ok,168.80,152.08,37.70
S1099L01,ok,169.12,172.10,44.52
S1099L02,ok,168.00,173.17,47.84
S1099L03,ok,167.50,150.00,46.46
S1099L04,ok,163.25,167.50,43.88
S1099R01,ok,158.99,150.21,48.30
S1099R02,ok,167.29,153.28,46.92
S1099R03,ok,159.73,162.78,47.52
S1099R04,ok,173.19,147.36,46.01
S1099R05,ok,186.95,157.87,46.13
S1099R06,ok,171.31,161.92,49.48
S1099R07,ok,178.36,153.79,47.99
S1100L01,ok,159.00,153.50,52.15
S1100L02,ok,163.66,145.79,51.64
S1100L03,ok,158.50,137.50,47.71
S1100L04,ok,140.79,146.33,51.50
S1100L05,ok,157.48,149.43,49.01
S1100L06,ok,145.06,137.06,51.30
S1100L07,ok,152.50,148.78,48.53
S1100R01,ok,157.36,148.32,52.33
S1100R02,ok,155.00,141.50,50.84
S1100R03,ok,163.05,149.32,51.33
S1100R04,ok,159.72,144.81,52.18
S1100R05,ok,157.61,139.98,48.24
S1100R06,ok,162.00,138.00,50.77
S1100R07,ok,163.45,157.47,47.77
S1101L01,ok,182.80,149.96,44.91
S1101L02,ok,183.18,151.77,48.77
S1101L03,ok,171.00,141.50,40.94
S1101L04,ok,180.00,162.00,40.79
S1101L05,ok,176.03,153.66,45.55
S1101L06,ok,170.50,141.50,44.73
S1101L07,ok,163.66,142.98,46.73
S1101R01,ok,153.50,144.50,57.99
S1101R02,ok,163.00,135.74,51.41
S1101R03,ok,169.82,145.39,51.87
S1101R04,ok,173.86,142.26,53.10
S1101R05,ok,158.66,132.97,52.69
S1101R06,ok,163.05,154.36,50.65
S1101R07,ok,147.02,142.19,51.44
S1102L01,ok,178.39,156.63,36.92
S1102L02,ok,177.84,149.32,39.91
S1102L03,ok,171.70,130.46,37.47
S1102L04,ok,188.43,152.62,39.77
S1102L05,ok,176.05,152.73,37.93
S1102L06,ok,166.13,152.60,36.26
S1102L07,ok,157.00,151.60,31.40
S1102R01,ok,172.21,170.19,42.21
S1102R02,ok,180.50,149.50,39.88
S1102R03,ok,176.05,158.80,42.39
S1102R04,ok,180.67,152.53,40.70
S1102R05,ok,172.50,166.00,39.71
S1102R06,ok,147.50,162.50,41.74
S1102R07,ok,192.50,152.00,40.52
S1103L01,ok,158.01,144.72,47.81
S1103L02,ok,162.92,139.02,43.13
S1103L03,ok,173.50,148.00,43.55
S1103L04,ok,148.94,149.76,45.14
S1103L05,ok,175.38,128.37,43.45
S1103L06,ok,154.66,134.23,40.17
S1103L07,ok,179.43,139.43,39.82
S1103R01,ok,166.52,135.40,35.21
S1103R02,ok,162.00,132.50,42.69
S1103R03,ok,166.69,130.01,45.04
S1103R04,ok,175.48,153.39,42.47
S1103R05,ok,170.71,147.23,44.44
S1103R06,ok,163.41,145.92,44.41
S1103R07,ok,159.36,144.78,42.91
S1104L01,ok,173.00,174.07,51.55
S1104L02,ok,168.00,163.50,46.89
S1104L03,ok,161.00,152.07,50.56
S1104L04,ok,147.00,170.81,47.19
S1104L05,ok,182.00,167.95,50.30
S1104L06,ok,163.00,163.71,47.97
S1104L07,ok,145.86,160.08,50.18
S1104L08,ok,188.00,177.18,46.35
S1104L09,ok,161.50,189.22,47.81
S1104L10,ok,169.00,184.77,50.86
S1104R01,ok,170.00,173.05,43.24
S1104R02,ok,135.55,176.50,43.64
S1104R03,ok,134.00,164.09,45.19
S1104R04,ok,141.50,170.00,46.78
S1104R05,ok,159.00,168.50,42.92
S1104R06,ok,154.92,165.37,40.82
S1104R07,ok,135.21,175.86,41.42
S1104R08,ok,148.79,190.58,45.58
S1104R09,ok,129.50,163.93,43.42
S1104R10,ok,147.00,192.07,44.11
S1105L01,ok,172.45,150.50,39.87
S1105L02,ok,171.50,155.27,39.81
S1105L03,ok,180.00,154.50,41.10
S1105L04,ok,176.50,150.50,41.02
S1105L05,ok,185.00,142.71,42.47
S1105L06,ok,190.09,153.25,42.81
S1105L07,ok,186.82,141.24,43.30
S1105R01,ok,170.17,159.86,51.19
S1105R02,ok,156.04,126.98,48.08
S1105R03,ok,148.29,131.75,46.99
S1105R04,ok,173.68,144.77,46.71
S1105R05,ok,140.81,148.05,45.21
S1105R06,ok,166.91,143.15,48.10
S1105R07,ok,149.78,147.12,39.47
S1106L01,ok,146.11,131.64,48.65
S1106L02,ok,180.12,150.17,52.50
S1106L03,ok,171.00,166.23,51.85
S1106L04,ok,175.44,150.95,49.17
S1106L05,ok,148.40,138.40,48.52
S1106L06,ok,155.80,152.75,47.40
S1106L07,ok,166.62,144.50,46.84
S1106R01,ok,172.35,139.52,48.09
S1106R02,ok,178.08,132.99,48.26
S1106R03,ok,167.77,140.81,48.89
S1106R04,ok,159.00,139.62,48.88
S1106R05,ok,162.45,159.24,51.32
S1106R06,ok,146.12,134.98,53.46
S1106R07,ok,164.52,141.73,48.48
S1107L01,ok,168.50,146.06,35.23
S1107L02,ok,167.50,137.00,36.27
S1107L03,ok,159.77,146.37,38.92
S1107L04,ok,166.52,118.43,36.44
S1107L05,ok,164.98,132.91,37.57
S1107L06,ok,157.33,142.33,36.63
S1107L07,ok,174.32,157.22,36.32
S1107R01,ok,156.00,135.00,46.10
S1107R02,ok,143.68,143.23,46.71
S1107R03,ok,155.00,136.00,43.57
S1107R04,ok,132.05,147.38,46.48
S1107R05,ok,153.50,142.66,46.13
S1107R06,ok,164.97,159.06,45.65
S1107R07,ok,154.98,163.19,45.71
S1108L01,ok,161.84,129.06,43.06
S1108L02,ok,144.77,140.30,42.11
S1108L03,ok,163.56,146.67,41.29
S1108L04,ok,175.24,141.42,47.64
S1108L05,ok,159.50,138.00,41.68
S1108L06,ok,150.99,121.95,43.79
S1108R01,ok,179.42,136.00,54.53
S1108R02,ok,163.15,146.50,48.85
S1108R03,ok,158.45,151.57,46.05
S1108R04,ok,157.71,141.23,49.72
S1108R05,ok,174.55,144.78,48.43
S1108R06,ok,163.50,135.50,49.12
S1109L01,ok,161.35,134.82,58.34
S1109L02,ok,154.00,118.50,59.04
S1109L03,ok,177.00,128.70,59.84
S1109L04,ok,157.14,115.15,57.06
S1109L05,ok,164.50,146.00,57.17
S1109L06,ok,168.12,118.82,55.93
S1109R01,ok,180.10,150.75,63.35
S1109R02,ok,185.27,134.27,58.46
S1109R03,ok,187.71,131.34,61.47
S1109R04,ok,167.67,133.22,61.99
S1109R05,ok,185.72,128.00,58.98
S1109R06,ok,173.82,132.39,59.79
S1109R07,ok,170.45,131.70,59.55
S1110L01,ok,174.87,154.86,37.77
S1110L02,ok,166.60,161.83,36.26
S1110L03,ok,147.81,164.66,40.63
S1110L04,ok,154.86,178.32,40.17
S1110L05,ok,171.18,173.09,36.15
S1110L06,ok,136.49,160.36,36.64
S1110L07,ok,134.73,162.64,36.47
S1110R01,ok,190.50,129.05,46.27
S1110R02,ok,171.50,138.50,44.97
S1110R03,ok,154.00,132.83,40.28
S1110R04,ok,146.50,132.90,45.24
S1110R05,ok,133.00,138.00,44.55
S1110R06,ok,147.50,134.00,40.38
S1110R07,ok,145.50,146.50,42.01
S1111L01,ok,156.27,128.62,43.72
S1111L02,ok,174.61,122.90,44.85
S1111L03,ok,164.26,133.54,41.63
S1111L04,ok,160.65,126.86,39.66
S1111L05,ok,166.25,134.63,44.74
S1111L06,ok,178.68,114.01,43.21
S1111L07,ok,150.61,122.52,43.59
S1111R01,ok,162.35,137.79,48.73
S1111R02,ok,145.82,139.14,47.72
S1111R03,ok,157.00,137.00,47.63
S1111R04,ok,147.72,112.88,45.32
S1111R05,ok,149.74,125.85,45.28
S1111R06,ok,141.52,118.95,47.71
S1111R07,ok,151.00,131.00,47.01
S1112L01,ok,185.58,144.36,30.89
S1112L02,ok,195.43,127.56,31.76
S1112L03,ok,191.00,120.00,32.76
S1112L04,ok,188.97,119.06,31.38
S1112L05,ok,183.85,118.57,31.19
S1112L06,ok,197.74,123.42,28.72
S1112L07,ok,189.12,117.35,29.40
S1112R01,ok,139.26,157.59,36.05
S1112R02,ok,151.59,123.77,39.50
S1112R03,ok,146.04,135.12,38.93
S1112R04,ok,182.08,150.56,36.80
S1112R05,ok,192.78,125.40,42.22
S1112R06,ok,197.86,122.43,37.95
S1112R07,ok,201.09,118.89,35.47
S1113L01,ok,144.50,136.06,50.36
S1113L02,ok,183.08,150.06,51.10
S1113L03,ok,176.05,134.32,43.97
S1113L04,ok,167.04,122.80,46.37
S1113L05,ok,153.50,144.58,44.65
S1113L06,ok,160.00,147.00,41.30
S1113L07,ok,194.28,146.62,42.01
S1113R01,ok,177.62,133.49,49.80
S1113R02,ok,156.11,138.19,48.06
S1113R03,ok,184.45,141.30,45.76
S1113R04,ok,181.85,135.54,47.06
S1113R05,ok,164.00,126.34,48.50
S1113R06,ok,163.93,138.92,45.80
S1113R07,ok,164.66,140.29,47.91
S1114L01,ok,173.74,126.46,36.92
S1114L02,ok,172.14,121.25,37.09
S1114L03,ok,161.22,134.80,35.27
S1114L04,ok,176.77,140.55,39.22
S1114L05,ok,149.48,128.90,34.72
S1114L06,ok,173.64,141.52,36.08
S1114L07,ok,165.50,127.50,40.21
S1114R01,ok,150.00,129.81,36.31
S1114R02,ok,158.60,123.90,39.06
S1114R03,ok,145.93,115.33,37.99
S1114R04,ok,171.80,128.28,39.94
S1114R05,ok,166.50,145.33,39.06
S1114R06,ok,139.50,139.92,37.49
S1114R07,ok,156.00,136.00,41.19
S1115L01,ok,154.00,140.50,55.51
S1115L02,ok,166.53,153.69,57.71
S1115L03,ok,174.23,153.66,54.63
S1115L04,ok,156.43,146.85,50.27
S1115L05,ok,167.59,146.54,54.50
S1115L06,ok,185.82,126.29,48.92
S1115L07,ok,131.18,149.72,62.06
S1115L08,ok,152.22,150.60,59.78
S1115L09,ok,146.72,147.69,59.42
S1115L10,ok,164.19,152.35,60.93
S1115R01,ok,165.50,134.50,50.62
S1115R02,ok,136.12,151.00,45.38
S1115R03,ok,152.20,144.23,47.32
S1115R04,ok,164.50,151.50,47.10
S1115R05,ok,157.00,156.11,46.28
S1115R06,ok,162.95,150.89,49.27
S1115R07,ok,145.20,153.79,50.26
S1115R08,ok,160.16,151.73,49.78
S1115R09,ok,155.10,156.82,45.90
S1115R10,ok,123.25,142.86,46.39
S1116L01,ok,144.50,159.95,39.21
S1116L02,ok,165.81,169.83,38.84
S1116L03,ok,177.00,158.74,39.37
S1116L04,ok,152.00,163.00,40.31
S1116L05,ok,169.70,167.11,40.50
S1116L06,ok,174.66,154.50,40.85
S1116L07,ok,180.94,159.41,41.59
S1116R01,ok,125.16,152.16,38.70
S1116R02,ok,141.27,176.89,39.93
S1116R03,ok,148.50,159.00,42.55
S1116R04,ok,148.33,174.91,40.82
S1116R05,ok,163.52,140.89,40.42
S1116R06,ok,151.27,162.89,39.93
S1116R07,ok,135.80,176.87,40.04
S1117L01,ok,124.57,140.29,40.03
S1117L02,ok,156.97,144.01,40.50
S1117L03,ok,148.06,158.17,41.41
S1117L04,ok,156.13,148.60,39.09
S1117L05,ok,160.02,132.52,40.05
S1117L06,ok,155.10,128.73,40.76
S1117L07,ok,163.71,139.41,36.50
S1117R01,ok,174.00,132.69,45.40
S1117R02,ok,181.74,146.58,44.29
S1117R03,ok,173.84,139.55,42.01
S1117R04,ok,187.00,132.00,44.72
S1117R05,ok,194.28,127.29,41.02
S1117R06,ok,176.45,125.42,45.90
S1117R07,ok,180.15,126.10,43.49
S1118L01,ok,164.96,120.11,52.51
S1118L02,ok,155.19,133.09,52.82
S1118L03,ok,175.14,133.68,52.54
S1118L04,ok,171.48,144.85,52.84
S1118L05,ok,170.77,144.15,52.43
S1118L06,ok,171.05,132.50,51.14
S1118L07,ok,169.74,123.51,54.80
S1118R01,ok,142.31,136.53,55.53
S1118R02,ok,150.99,132.45,55.13
S1118R03,ok,162.00,136.95,56.27
S1118R04,ok,163.42,113.99,54.52
S1118R05,ok,159.77,136.08,55.29
S1118R06,ok,166.00,110.43,53.66
S1118R07,ok,163.00,118.98,55.34
S1119L01,ok,180.50,154.94,54.40
S1119L02,ok,177.00,156.55,50.80
S1119L03,ok,172.06,155.75,41.06
S1119L04,ok,168.17,186.46,56.30
S1119L05,ok,183.32,184.13,54.16
S1119L06,ok,179.21,190.09,48.24
S1119L07,ok,177.18,183.11,50.25
S1119R01,ok,163.00,164.50,54.69
S1119R02,ok,156.40,168.31,43.83
S1119R03,ok,157.14,156.34,49.76
S1119R04,ok,165.80,167.32,49.07
S1119R05,ok,149.63,161.60,48.38
S1119R06,ok,152.84,169.45,44.97
S1119R07,ok,149.44,158.37,46.96
S1120L01,ok,145.50,148.00,48.58
S1120L02,ok,145.51,149.43,46.04
S1120L03,ok,146.00,164.69,47.00
S1120L04,ok,160.42,162.86,41.38
S1120L05,ok,154.00,158.14,38.97
S1120L06,ok,153.00,157.00,42.76
S1120L07,ok,170.00,148.34,43.76
S1120R01,ok,180.00,140.29,55.62
S1120R02,ok,185.18,147.44,51.66
S1120R03,ok,174.75,138.52,51.55
S1120R04,ok,176.00,144.72,50.76
S1120R05,ok,179.00,144.00,49.65
S1120R06,ok,174.78,138.84,47.40
S1120R07,ok,175.00,152.50,47.02
S1121L01,ok,141.01,131.06,37.06
S1121L02,ok,185.54,135.90,35.19
S1121L03,ok,165.38,136.36,38.17
S1121L04,ok,186.61,127.80,33.85
S1121L05,ok,152.50,138.60,34.69
S1121L06,ok,162.66,131.80,32.49
S1121L07,ok,152.81,131.89,30.52
S1121R01,ok,157.50,161.16,48.59
S1121R02,ok,155.00,148.30,42.88
S1121R03,ok,152.99,134.24,41.54
S1121R04,ok,155.96,164.59,40.04
S1121R05,ok,153.89,138.23,39.08
S1121R06,ok,146.07,145.64,43.65
S1122L01,ok,183.04,133.49,37.85
S1122L02,ok,165.41,151.07,38.15
S1122L03,ok,176.93,139.64,38.69
S1122L04,ok,146.98,155.16,38.48
S1122L05,ok,174.97,128.80,38.85
S1122L06,ok,139.40,146.00,37.55
S1122L07,ok,174.00,141.50,39.82
S1122R01,ok,126.50,150.32,43.17
S1122R02,ok,134.44,127.30,42.95
S1122R03,ok,139.21,148.65,39.83
S1122R04,ok,152.53,142.64,39.08
S1122R05,ok,135.79,142.60,40.70
S1122R06,ok,143.50,129.50,38.68
S1122R07,ok,142.03,148.56,38.10
S1123L01,ok,163.00,157.33,44.32
S1123L02,ok,172.72,137.38,43.00
S1123L03,ok,157.78,136.08,43.55
S1123L04,ok,159.50,141.09,43.74
S1123L05,ok,179.38,136.74,41.24
S1123L06,ok,164.06,139.40,41.21
S1123L07,ok,142.00,125.00,39.62
S1123R01,ok,160.50,128.50,48.87
S1123R02,ok,172.06,134.38,47.74
S1123R03,ok,157.23,128.34,47.87
S1123R04,ok,162.94,132.15,46.49
S1123R05,ok,168.46,132.77,47.54
S1123R06,ok,165.69,135.33,46.90
S1123R07,ok,154.50,129.99,46.98
S1124L01,ok,192.50,126.33,34.76
S1124L02,ok,165.47,140.09,36.18
S1124L03,ok,151.51,141.54,33.64
S1124L04,ok,149.50,141.00,33.31
S1124L05,ok,143.50,141.67,32.98
S1124L06,ok,148.04,143.27,32.29
S1124L07,ok,143.00,143.50,31.53
S1124R01,ok,168.02,143.19,38.45
S1124R02,ok,150.83,133.70,38.29
S1124R03,ok,148.77,129.08,37.22
S1124R04,ok,166.77,135.82,38.97
S1124R05,ok,158.50,143.36,35.92
S1124R06,ok,153.00,158.00,36.40
S1124R07,ok,136.61,162.00,41.38
S1125L01,ok,174.03,141.76,46.34
S1125L02,ok,170.92,164.85,41.20
S1125L03,ok,127.75,150.41,43.20
S1125L04,ok,140.50,153.50,43.06
S1125L05,ok,135.35,174.36,45.85
S1125L06,ok,151.19,147.39,40.67
S1125L07,ok,146.05,144.15,38.47
S1125L08,ok,178.44,132.81,39.00
S1125L09,ok,167.00,171.50,35.39
S1125L10,ok,166.50,143.00,40.70
S1125R01,ok,135.91,157.48,42.27
S1125R02,ok,155.29,143.68,39.03
S1125R03,ok,115.20,141.60,37.64
S1125R04,ok,149.64,147.28,42.97
S1125R05,ok,153.88,155.74,40.12
S1125R06,ok,141.28,161.72,42.11
S1125R07,ok,174.27,152.52,46.59
S1125R08,ok,165.82,153.69,39.61
S1125R09,ok,157.51,137.97,39.16
S1125R10,ok,155.08,150.87,39.05
S1126L01,ok,176.98,142.95,30.05
S1126L02,ok,143.27,141.32,32.03
S1126L03,ok,135.99,128.76,27.66
S1126L04,ok,137.89,137.61,33.86
S1126L05,ok,158.09,138.28,30.34
S1126L06,ok,150.00,146.00,29.53
S1126L07,ok,165.00,148.50,31.85
S1126R01,ok,145.26,144.17,37.21
S1126R02,ok,141.50,155.75,35.06
S1126R03,ok,155.73,139.00,34.41
S1126R04,ok,168.96,125.10,34.62
S1126R05,ok,158.50,139.58,33.28
S1126R06,ok,160.00,132.42,34.94
S1126R07,ok,155.70,129.45,31.41
S1127L01,ok,164.08,141.10,44.83
S1127L02,ok,133.18,145.44,37.17
S1127L03,ok,162.42,145.21,42.14
S1127L04,ok,158.70,136.18,36.73
S1127L05,ok,133.65,144.49,39.60
S1127L06,ok,141.05,154.86,40.17
S1127R01,ok,179.00,114.30,53.64
S1127R02,ok,182.09,127.78,48.31
S1127R03,ok,159.99,126.88,48.39
S1127R04,ok,165.92,128.02,49.24
S1127R05,ok,164.71,132.75,46.82
S1127R06,ok,164.50,121.91,44.72
S1127R07,ok,153.00,135.00,46.53
S1128L01,ok,127.04,165.44,48.81
S1128L02,ok,156.70,168.24,38.53
S1128L03,ok,159.38,155.84,38.93
S1128L04,ok,165.78,142.44,40.25
S1128L05,ok,161.97,153.31,38.64
S1128L06,ok,167.90,149.85,40.14
S1128L07,ok,162.15,141.46,42.24
S1128R01,ok,210.11,108.64,35.88
S1128R02,ok,198.12,116.04,34.79
S1128R03,ok,178.11,139.37,38.00
S1128R04,ok,170.35,147.13,43.50
S1128R05,ok,145.35,141.24,42.24
S1129L01,ok,155.14,158.75,41.50
S1129L02,ok,193.50,165.50,41.19
S1129L03,ok,149.64,167.65,50.93
S1129L04,ok,172.13,156.36,38.97
S1129L05,ok,177.81,149.92,35.47
S1129L06,ok,169.00,119.50,48.17
S1129L07,ok,176.06,148.12,37.25
S1129R01,ok,140.17,146.88,42.12
S1129R02,ok,158.00,147.00,41.30
S1129R03,ok,163.00,145.37,37.85
S1129R04,ok,149.27,128.37,52.20
S1129R05,ok,143.00,167.50,39.95
S1129R06,ok,148.50,173.13,34.31
S1129R07,ok,151.00,145.37,39.83
S1130L01,ok,165.50,130.52,51.33
S1130L02,ok,163.34,139.07,50.46
S1130L03,ok,155.55,137.81,48.81
S1130L04,ok,157.74,146.74,47.85
S1130L05,ok,169.45,148.15,46.61
S1130L06,ok,162.85,144.34,48.48
S1130L07,ok,170.76,163.39,48.95
S1130R01,ok,114.14,118.61,54.82
S1130R02,ok,130.77,142.26,53.47
S1130R03,ok,123.14,134.57,52.65
S1130R04,ok,121.58,140.19,49.39
S1130R05,ok,142.50,138.50,52.37
S1130R06,ok,148.73,147.08,52.65
S1130R07,ok,149.19,138.40,49.39
S1131L01,ok,167.26,129.52,51.62
S1131L02,ok,173.23,124.12,51.37
S1131L03,ok,151.09,118.71,48.47
S1131L04,ok,151.16,117.46,45.65
S1131L05,ok,165.75,111.58,48.45
S1131L06,ok,168.66,110.11,45.04
S1131L07,ok,174.23,108.40,46.90
S1131R01,ok,151.50,149.00,52.28
S1131R02,ok,153.39,139.83,53.43
S1131R03,ok,157.44,126.07,48.94
S1131R04,ok,170.53,145.74,49.93
S1131R05,ok,178.36,132.30,41.51
S1132L01,ok,182.85,128.87,42.91
S1132L02,ok,167.30,128.47,42.18
S1132L03,ok,170.21,141.42,44.48
S1132L04,ok,152.00,136.50,41.00
S1132L05,ok,163.15,133.62,42.12
S1132L06,ok,141.00,165.50,42.69
S1132L07,ok,154.80,152.28,41.05
S1132R01,ok,154.24,154.59,41.15
S1132R02,ok,167.38,152.29,45.35
S1132R03,ok,164.50,141.50,47.94
S1132R04,ok,169.61,146.87,47.08
S1132R05,ok,165.43,131.30,49.72
S1132R06,ok,181.29,126.84,46.24
S1132R07,ok,168.76,156.52,44.41
S1133L03,ok,205.61,133.15,55.14
S1133L04,ok,202.50,131.00,56.06
S1133R01,ok,156.00,131.00,49.37
S1133R02,ok,125.17,137.20,54.36
S1133R03,ok,134.84,130.20,55.27
S1133R04,ok,160.50,115.89,50.31
S1133R05,ok,145.89,115.24,52.39
S1133R06,ok,160.00,123.15,52.19
S1133R07,ok,164.50,129.00,52.40
S1134L01,ok,171.00,141.03,51.45
S1134L02,ok,162.00,165.50,49.33
S1134L03,ok,168.50,154.85,50.27
S1134L04,ok,163.15,176.66,50.71
S1134L05,ok,167.02,153.43,50.73
S1134L06,ok,164.00,158.50,49.00
S1134L07,ok,165.59,177.81,49.70
S1134R01,ok,135.53,144.93,50.49
S1134R02,ok,171.21,133.62,50.05
S1134R03,ok,149.03,152.63,49.99
S1134R04,ok,160.50,125.78,48.17
S1134R05,ok,165.92,138.87,49.96
S1134R06,ok,162.29,121.39,48.93
S1134R07,ok,164.37,142.88,49.82
S1135L01,ok,163.23,139.87,49.66
S1135L02,ok,175.00,138.25,48.42
S1135L03,ok,146.00,129.00,49.50
S1135L04,ok,166.01,118.91,46.18
S1135L05,ok,132.39,149.06,46.53
S1135L06,ok,147.00,175.88,47.97
S1135L07,ok,153.25,147.10,47.45
S1135R01,ok,149.00,108.00,47.52
S1135R02,ok,144.92,121.17,45.75
S1135R03,ok,149.16,107.65,46.02
S1135R04,ok,148.21,126.03,47.22
S1135R05,ok,136.00,124.00,45.71
S1135R06,ok,169.00,118.98,46.03
S1135R07,ok,156.14,130.37,45.92
S1136L01,ok,168.16,152.87,45.24
S1136L02,ok,172.89,150.78,46.89
S1136L03,ok,173.50,144.50,42.08
S1136L04,ok,161.00,156.57,41.87
S1136L05,ok,169.80,160.19,41.82
S1136L06,ok,164.69,163.16,41.23
S1136L07,ok,152.00,149.35,51.44
S1136L08,ok,164.03,161.30,48.96
S1136L09,ok,179.35,163.91,48.51
S1136L10,ok,158.00,155.45,48.34
S1136R01,ok,161.09,139.75,45.97
S1136R02,ok,169.51,142.59,41.10
S1136R03,ok,181.84,147.25,40.88
S1136R04,ok,164.91,140.34,40.51
S1136R05,ok,176.50,149.00,40.70
S1136R06,ok,182.03,145.34,42.11
S1136R07,ok,156.95,135.16,49.01
S1136R08,ok,166.65,139.28,45.37
S1136R09,ok,155.18,131.45,45.30
S1136R10,ok,147.27,124.15,46.08
S1137L01,ok,162.34,161.78,47.84
S1137L02,ok,173.00,158.64,42.93
S1137L03,ok,163.50,160.50,42.01
S1137L04,ok,173.94,175.01,42.43
S1137L05,ok,154.00,155.82,43.92
S1137L06,ok,193.50,158.19,40.34
S1137L07,ok,188.00,172.37,40.68
S1137R01,ok,161.50,181.00,46.33
S1137R02,ok,167.50,177.50,47.27
S1137R03,ok,162.50,184.26,43.40
S1137R04,ok,166.19,166.97,42.43
S1137R05,ok,159.50,165.43,42.92
S1137R06,ok,151.00,166.38,42.81
S1137R07,ok,155.00,165.89,44.29
S1138L01,ok,162.38,142.57,48.00
S1138L02,ok,158.69,145.35,50.72
S1138L03,ok,161.50,152.21,51.91
S1138L04,ok,166.28,145.61,52.44
S1138L05,ok,163.14,148.69,48.70
S1138L06,ok,177.50,132.00,47.67
S1138L07,ok,172.10,140.00,50.26
S1138R01,ok,132.36,127.45,51.14
S1138R02,ok,157.83,135.17,51.17
S1138R03,ok,162.00,137.61,53.75
S1138R04,ok,154.17,153.78,50.56
S1138R05,ok,153.95,146.35,52.30
S1138R06,ok,140.35,162.75,51.82
S1138R07,ok,153.04,147.16,47.01
S1139L01,ok,200.43,141.46,45.60
S1139L02,ok,195.45,140.11,42.46
S1139L03,ok,203.93,135.17,42.36
S1139L04,ok,198.01,156.53,39.58
S1139L05,ok,204.41,139.77,43.44
S1139L06,ok,204.78,131.50,41.06
S1139R01,ok,131.48,136.84,53.74
S1139R02,ok,154.33,131.86,51.71
S1139R05,ok,137.50,134.50,46.11
S1139R06,ok,155.69,159.28,42.97
S1139R07,ok,140.48,153.34,41.03
S1140L01,ok,167.11,165.37,38.00
S1140L02,ok,169.00,133.00,37.48
S1140L03,ok,172.49,154.59,35.02
S1140L04,ok,190.98,145.60,41.39
S1140L05,ok,191.26,151.50,39.01
S1140L06,ok,178.87,144.92,36.44
S1140L07,ok,169.57,153.58,41.94
S1140R01,ok,148.70,151.32,44.53
S1140R02,ok,156.25,140.73,42.39
S1140R03,ok,156.71,139.29,45.71
S1140R04,ok,178.87,140.52,43.61
S1140R05,ok,184.98,132.49,41.59
S1140R06,ok,152.68,140.18,42.71
S1140R07,ok,162.50,145.20,42.16
S1141L01,ok,189.11,154.15,30.93
S1141L02,ok,171.47,159.59,33.05
S1141L03,ok,162.07,157.51,30.91
S1141L04,ok,156.18,176.61,27.75
S1141L05,ok,155.50,163.50,31.31
S1141L06,ok,149.00,156.50,32.50
S1141R01,ok,141.74,170.69,34.57
S1141R02,ok,145.00,162.16,39.05
S1141R03,ok,141.29,160.62,43.00
S1141R04,ok,152.00,149.34,35.11
S1141R05,ok,154.30,134.30,35.93
S1141R06,ok,157.28,164.13,33.29
S1142L01,ok,186.09,173.56,41.21
S1142L02,ok,168.43,166.34,45.68
S1142L03,ok,191.39,123.84,42.45
S1142L04,ok,178.27,170.69,44.98
S1142L05,ok,157.00,170.00,43.68
S1142L06,ok,201.26,169.22,43.90
S1142L07,ok,173.00,149.50,45.21
S1142R01,ok,147.83,124.59,46.14
S1142R02,ok,175.50,132.00,50.57
S1142R03,ok,145.03,125.89,48.15
S1142R04,ok,181.96,139.21,52.44
S1142R05,ok,166.00,144.00,49.04
S1142R06,ok,173.73,152.84,48.31
S1142R07,ok,166.72,113.27,46.66
S1143L01,ok,155.50,140.00,41.08
S1143L02,ok,159.50,136.50,42.64
S1143L03,ok,153.51,132.65,40.73
S1143L04,ok,179.50,137.72,41.96
S1143L05,ok,180.50,139.50,39.04
S1143L06,ok,152.20,146.63,42.18
S1143L07,ok,180.00,147.92,40.53
S1143R01,ok,181.57,134.27,38.74
S1143R02,ok,173.78,138.27,40.17
S1143R03,ok,173.21,120.13,40.35
S1143R04,ok,182.89,122.07,41.25
S1143R05,ok,177.50,145.84,40.54
S1143R06,ok,179.65,134.77,39.79
S1143R07,ok,154.00,131.84,38.48
S1144L01,ok,147.83,138.21,51.29
S1144L02,ok,162.75,136.70,51.81
S1144L03,ok,165.81,153.36,49.88
S1144L04,ok,173.73,147.81,48.39
S1144L05,ok,168.71,149.07,47.28
S1144L06,ok,170.18,149.23,46.89
S1144L07,ok,171.27,146.62,47.11
S1144R01,ok,139.50,134.92,43.57
S1144R02,ok,142.26,140.60,42.86
S1144R03,ok,157.61,142.48,55.01
S1144R04,ok,140.87,163.66,41.78
S1144R05,ok,159.55,132.42,55.09
S1144R06,ok,167.00,140.50,42.54
S1144R07,ok,143.00,150.08,43.49
S1145L01,ok,160.40,157.31,48.91
S1145L02,ok,177.50,166.00,48.93
S1145L03,ok,176.84,158.69,46.23
S1145L04,ok,165.27,150.88,43.50
S1145L05,ok,165.50,160.00,48.90
S1145L06,ok,160.50,149.09,45.98
S1145L07,ok,161.73,169.96,47.25
S1145R01,ok,140.38,120.89,57.52
S1145R02,ok,171.10,143.32,53.22
S1145R03,ok,160.89,142.30,57.50
S1145R04,ok,164.76,147.15,55.82
S1145R05,ok,173.45,120.85,56.75
S1145R06,ok,163.00,153.45,55.10
S1145R07,ok,162.18,155.08,55.05
S1146L01,ok,172.74,151.08,44.29
S1146L02,ok,177.48,153.92,43.57
S1146L03,ok,168.00,150.93,38.40
S1146L04,ok,168.58,159.35,36.91
S1146L05,ok,179.50,158.37,41.51
S1146L06,ok,169.00,158.00,43.17
S1146L07,ok,166.00,148.78,39.10
S1146R01,ok,158.00,148.31,52.47
S1146R02,ok,163.00,143.00,49.25
S1146R03,ok,174.98,130.38,48.88
S1146R04,ok,161.50,127.22,49.35
S1146R05,ok,168.56,124.85,50.28
S1146R06,ok,165.39,135.94,46.53
S1146R07,ok,155.50,147.17,43.66
S1147R01,ok,180.34,157.28,38.43
S1147R02,ok,183.50,168.42,37.98
S1147R03,ok,157.94,159.17,36.19
S1147R04,ok,166.62,167.02,36.28
S1147R05,ok,147.00,164.00,34.67
S1148L01,ok,170.91,160.00,33.07
S1148L02,ok,170.78,158.39,32.66
S1148L03,ok,172.95,156.72,32.29
S1148L04,ok,185.00,151.00,33.54
S1148L05,ok,167.50,150.13,34.17
S1148L06,ok,176.00,141.96,34.10
S1148L07,ok,170.50,142.50,33.59
S1148R01,ok,155.42,143.92,35.36
S1148R02,ok,163.43,149.83,35.45
S1148R03,ok,153.00,138.50,35.02
S1148R04,ok,167.00,137.35,33.89
S1148R05,ok,155.57,133.24,34.83
S1148R06,ok,162.00,144.78,35.91
S1148R07,ok,167.61,149.95,36.35
S1149L01,ok,173.78,167.11,34.37
S1149L02,ok,173.84,156.67,37.13
S1149L03,ok,176.74,153.25,37.56
S1149L04,ok,170.28,133.87,37.66
S1149L05,ok,172.10,147.88,37.65
S1149L06,ok,163.65,137.60,36.35
S1149L07,ok,164.30,144.23,36.22
S1149R01,ok,142.00,133.00,40.20
S1149R02,ok,168.00,147.82,38.82
S1149R03,ok,155.11,176.69,39.33
S1149R04,ok,146.19,150.42,38.69
S1149R05,ok,120.59,156.13,39.27
S1149R06,ok,126.46,142.67,38.42
S1149R07,ok,142.44,149.59,38.16
S1150L03,ok,125.13,127.39,61.81
S1150L04,ok,126.08,125.83,62.36
S1150L05,ok,130.24,128.99,63.41
S1151L01,ok,159.02,118.88,38.20
S1152L02,ok,159.09,136.08,38.74
S1152L03,ok,141.31,153.14,38.38
S1152L04,ok,136.00,133.00,37.34
S1152L05,ok,165.00,169.00,38.47
S1153L01,ok,192.49,115.28,34.89
S1153L02,ok,165.00,116.00,35.51
S1153L03,ok,150.00,99.65,33.89
S1153L04,ok,181.50,112.74,35.35
S1153L05,ok,160.50,89.81,36.23
S1154L01,ok,158.00,115.11,54.34
S1154L02,ok,151.50,113.79,56.85
S1154L04,ok,152.34,107.04,53.09
S1154L05,ok,154.08,112.28,51.91
S1155L01,ok,132.49,104.20,44.31
S1155L02,ok,169.50,79.50,45.96
S1155L03,ok,151.50,94.50,46.22
S1156L01,ok,174.00,149.35,46.53
S1156L02,ok,167.35,133.52,46.95
S1156L03,ok,165.01,152.16,43.26
S1156L04,ok,168.50,160.83,45.30
S1156L05,ok,149.04,144.65,46.92
S1156L06,ok,176.50,137.50,49.24
S1156L07,ok,143.50,159.00,50.89
S1156L08,ok,129.49,126.45,50.87
S1156L09,ok,139.50,122.00,49.02
S1156R01,ok,146.51,153.60,47.66
S1156R02,ok,158.00,131.92,46.61
S1156R03,ok,130.72,141.91,44.58
S1156R04,ok,141.00,121.50,46.20
S1156R05,ok,119.20,151.12,49.22
S1156R06,ok,163.00,123.56,44.57
S1157R01,ok,128.65,135.92,51.13
S1157R02,ok,150.10,126.83,47.45
S1157R03,ok,142.37,128.83,44.66
S1157R04,ok,177.17,144.42,40.63
S1157R05,ok,144.00,145.95,44.01
S1157R06,ok,121.44,129.88,46.90
S1157R07,ok,142.52,120.36,47.80
S1157R08,ok,147.15,128.81,48.54
S1157R09,ok,179.53,124.56,46.57
S1157R10,ok,130.29,115.73,44.87
S1158R01,ok,168.87,172.40,49.27
S1158R02,ok,169.39,139.43,51.27
S1158R03,ok,183.32,165.12,46.82
S1158R04,ok,163.00,155.89,48.94
S1158R05,ok,166.82,154.94,50.29
S1159L01,ok,137.00,148.07,52.54
S1159L02,ok,128.79,125.24,56.10
S1159L03,ok,146.79,164.13,57.46
S1159L04,ok,140.66,135.01,56.43
S1159L05,ok,129.00,138.07,55.51
S1159L06,ok,141.39,126.88,57.15
S1159L07,ok,133.23,149.33,60.82
S1159L08,ok,147.95,130.02,58.18
S1159L09,ok,150.41,117.52,56.66
S1159L10,ok,149.90,113.63,59.92
S1159R01,ok,141.65,130.90,58.09
S1159R02,ok,161.50,131.50,61.24
S1159R03,ok,160.50,111.50,54.74
S1159R04,ok,158.48,129.46,55.73
S1159R05,ok,172.12,143.73,48.09
S1159R06,ok,141.65,138.89,49.22
S1159R07,ok,166.34,124.00,55.68
S1159R08,ok,125.98,119.96,70.24
S1159R09,ok,147.58,126.04,62.86
S1160L01,ok,129.16,130.00,35.48
S1160L02,ok,133.26,129.41,41.42
S1160L03,ok,151.01,150.07,33.31
S1160L04,ok,154.52,137.14,31.34
S1160L05,ok,142.31,143.45,36.75
S1160L06,ok,158.50,145.33,35.76
S1160L07,ok,157.50,140.00,44.48
S1160L08,ok,143.88,134.74,37.89
S1160L09,ok,153.50,135.50,41.19
S1160L10,ok,141.08,139.77,42.51
S1160R01,ok,148.95,132.25,38.58
S1160R02,ok,146.36,159.35,40.52
S1160R03,ok,149.83,152.48,35.85
S1160R04,ok,130.50,143.00,33.63
S1160R05,ok,135.59,141.79,35.82
S1160R06,ok,152.83,145.92,35.86
S1160R07,ok,142.18,148.98,40.20
S1161L01,ok,172.02,158.57,42.87
S1161L02,ok,136.86,140.17,46.88
S1161L03,ok,126.10,140.48,41.76
S1161L04,ok,148.00,140.90,41.69
S1161L05,ok,119.00,141.67,41.53
S1161L06,ok,127.64,148.28,39.28
S1161L07,ok,148.42,147.08,45.56
S1161L08,ok,123.99,157.07,46.25
S1161L09,ok,133.89,143.46,47.56
S1161L10,ok,135.32,128.70,46.46
S1161R01,ok,147.25,155.98,44.69
S1161R02,ok,163.00,138.61,46.78
S1161R03,ok,177.00,143.00,38.47
S1161R04,ok,134.88,163.93,41.39
S1161R05,ok,135.50,162.69,38.70
S1161R06,ok,155.86,161.82,39.43
S1161R07,ok,138.37,139.80,49.52
S1161R08,ok,160.94,151.61,46.78
S1161R09,ok,154.00,147.08,49.17
S1161R10,ok,153.92,136.17,45.75
S1162L01,ok,175.88,137.68,39.33
S1162L02,ok,159.25,166.98,38.16
S1162L03,ok,146.50,162.50,39.22
S1162L04,ok,152.54,155.49,42.01
S1162L05,ok,142.97,143.49,38.81
S1162L06,ok,140.08,135.94,44.07
S1162L07,ok,160.97,143.64,41.14
S1162L08,ok,137.88,151.98,36.67
S1162L09,ok,144.31,134.65,34.76
S1162L10,ok,139.91,169.88,36.78
S1162R01,ok,139.00,145.39,38.45
S1162R02,ok,141.00,172.00,37.22
S1162R03,ok,124.00,184.65,40.95
S1162R04,ok,181.25,157.27,42.00
S1162R05,ok,162.03,192.91,36.59
S1162R06,ok,147.00,182.92,42.50
S1162R07,ok,125.93,153.61,36.74
S1162R08,ok,143.00,169.07,38.40
S1162R09,ok,173.63,187.86,39.23
S1162R10,ok,169.00,156.50,36.72
S1163L01,ok,135.50,137.04,50.16
S1163L02,ok,164.61,126.26,48.86
S1163L03,ok,152.00,125.58,48.68
S1163L04,ok,147.03,145.14,46.03
S1163L05,ok,156.11,131.19,48.06
S1163L06,ok,144.42,143.98,52.28
S1163R01,ok,156.30,119.55,33.87
S1163R02,ok,142.32,120.19,34.83
S1163R03,ok,172.00,121.50,38.82
S1163R04,ok,165.52,142.70,39.47
S1164L01,ok,123.48,135.72,51.67
S1164L02,ok,131.97,140.07,47.24
S1164L03,ok,149.32,123.90,46.73
S1164L04,ok,128.22,145.50,47.74
S1164L05,ok,140.89,145.54,41.91
S1164R01,ok,170.52,159.12,48.70
S1164R02,ok,153.14,128.86,41.43
S1164R03,ok,161.71,155.87,42.40
S1164R04,ok,148.00,127.30,42.74
S1164R05,ok,157.71,133.83,43.29
S1165L01,ok,161.21,154.41,55.46
S1165L02,ok,135.00,115.00,58.55
S1165L03,ok,151.00,136.77,51.85
S1165L04,ok,141.50,127.00,54.39
S1165L05,ok,156.64,142.35,53.06
S1165L06,ok,157.82,155.13,54.18
S1165L07,ok,151.91,139.90,56.63
S1165L08,ok,144.23,135.87,53.23
S1165L09,ok,139.00,147.50,57.76
S1165R01,ok,178.97,139.40,52.57
S1165R02,ok,139.44,129.76,57.73
S1165R03,ok,167.68,148.86,50.83
S1165R04,ok,172.63,151.03,51.37
S1165R05,ok,144.06,140.78,54.60
S1165R06,ok,173.79,134.59,53.95
S1165R07,ok,151.62,143.83,54.37
S1165R08,ok,146.15,132.77,55.93
S1165R09,ok,152.80,128.20,53.77
S1166L01,ok,150.50,143.22,34.40
S1166L02,ok,151.99,140.69,32.09
S1166L03,ok,156.86,115.86,36.07
S1166L04,ok,148.74,131.55,38.24
S1166L05,ok,165.31,135.28,35.29
S1166L06,ok,141.00,121.22,41.99
S1166L07,ok,170.50,131.93,41.08
S1166R01,ok,177.62,154.68,34.97
S1166R02,ok,154.00,136.50,36.84
S1166R03,ok,174.33,151.11,36.41
S1166R04,ok,185.14,135.74,32.53
S1166R05,ok,137.30,134.53,36.72
S1166R06,ok,175.99,147.89,35.80
S1167L01,ok,172.76,156.64,51.39
S1167L02,ok,171.00,183.60,49.09
S1167L03,ok,161.97,156.38,51.42
S1167L04,ok,162.50,169.50,49.62
S1167L05,ok,159.00,167.56,48.60
S1167L06,ok,164.02,163.91,48.18
S1167L07,ok,157.50,175.50,48.09
S1167L08,ok,141.18,158.24,49.11
S1167L09,ok,161.50,163.50,49.42
S1167L10,ok,143.00,174.33,48.83
S1167R01,ok,173.00,145.00,45.71
S1167R02,ok,122.16,149.83,49.27
S1167R03,ok,122.33,179.05,47.84
S1167R04,ok,142.00,156.50,46.38
S1167R05,ok,156.97,158.60,49.63
S1167R06,ok,135.50,146.00,47.18
S1167R07,ok,141.22,151.09,48.79
S1167R08,ok,121.50,154.00,46.99
S1167R09,ok,131.60,163.18,48.42
S1167R10,ok,140.55,159.05,48.90
S1168L01,ok,120.00,173.05,41.25
S1168L02,ok,163.79,144.93,42.20
S1168L03,ok,130.00,162.09,40.70
S1168L04,ok,130.50,165.00,40.15
S1168L05,ok,175.00,159.55,37.67
S1168L06,ok,167.00,148.47,36.59
S1168L07,ok,143.00,174.22,44.50
S1168L08,ok,131.43,174.33,44.81
S1168L09,ok,148.50,158.50,42.01
S1168L10,ok,150.50,161.09,41.60
S1168R01,ok,153.36,144.50,37.05
S1168R02,ok,184.89,162.45,40.77
S1168R03,ok,148.63,146.77,37.03
S1168R04,ok,139.76,150.65,37.79
S1168R05,ok,151.55,146.33,34.50
S1168R06,ok,149.50,154.22,34.84
S1168R07,ok,152.00,150.50,42.79
S1168R08,ok,179.00,171.50,39.70
S1168R09,ok,165.00,163.49,40.95
S1168R10,ok,149.15,165.47,41.28
S1169L01,ok,138.97,150.57,47.95
S1169L02,ok,142.06,147.50,39.14
S1169L03,ok,158.50,151.15,47.91
S1169L04,ok,160.00,155.50,46.89
S1169L05,ok,158.67,147.79,47.21
S1169L06,ok,154.00,157.92,48.59
S1169L07,ok,138.81,167.05,44.48
S1169L08,ok,151.35,167.25,42.58
S1169L09,ok,147.07,159.87,44.29
S1169L10,ok,132.34,150.57,44.42
S1169R01,ok,145.21,163.09,44.39
S1169R02,ok,127.70,184.12,45.53
S1169R03,ok,163.81,165.38,47.60
S1169R04,ok,147.51,157.82,43.66
S1169R05,ok,128.66,171.69,44.60
S1169R06,ok,151.50,167.00,43.90
S1169R07,ok,170.98,157.04,45.27
S1169R08,ok,142.99,169.02,46.12
S1169R09,ok,161.00,168.00,42.54
S1169R10,ok,168.83,163.48,47.03
S1170L01,ok,161.00,148.00,47.54
S1170L02,ok,165.81,159.86,46.15
S1170L03,ok,159.00,148.00,48.51
S1170L04,ok,139.86,159.98,54.59
S1170L05,ok,135.00,139.16,53.31
S1170L06,ok,158.97,151.46,49.84
S1170L07,ok,152.56,131.18,50.73
S1170L08,ok,135.50,157.00,50.15
S1170R01,ok,134.44,135.66,40.35
S1170R02,ok,154.98,166.00,48.38
S1170R03,ok,150.00,147.00,34.37
S1170R04,ok,162.00,133.61,35.52
S1170R05,ok,153.69,141.29,33.71
S1170R06,ok,169.00,149.50,35.02
S1170R07,ok,138.61,154.06,41.44
S1171L01,ok,127.50,191.63,52.77
S1171L02,ok,129.71,188.26,52.92
S1171L03,ok,133.43,185.08,53.12
S1171L04,ok,126.13,184.13,53.78
S1171L05,ok,125.35,181.71,53.79
S1172L01,ok,165.00,174.88,51.36
S1172L02,ok,164.00,174.22,51.26
S1172L03,ok,180.50,177.24,51.78
S1172L04,ok,177.50,175.37,51.92
S1172L05,ok,178.00,178.50,51.97
S1172L06,ok,174.50,175.42,52.12
S1172L07,ok,175.00,174.51,52.52
S1172L08,ok,191.50,173.97,53.09
S1173R01,ok,163.15,145.21,45.47
S1173R02,ok,162.60,145.10,45.35
S1173R03,ok,163.80,145.45,45.30
S1173R04,ok,163.09,145.18,45.51
S1173R05,ok,161.86,144.05,45.68
S1173R06,ok,159.67,144.61,45.87
S1173R07,ok,158.53,143.29,46.17
S1174L01,ok,122.92,164.33,32.91
S1174L02,ok,139.26,166.45,34.13
S1174L03,ok,161.87,163.40,34.94
S1174L04,ok,162.50,164.16,35.44
S1174L05,ok,163.95,165.06,36.07
S1174L06,ok,162.06,166.12,36.24
S1175L01,ok,176.06,157.12,54.22
S1175L02,ok,169.50,157.20,54.32
S1175L03,ok,168.91,163.87,55.21
S1175L04,ok,169.50,163.00,54.95
S1175L05,ok,170.17,163.19,54.96
S1175L06,ok,169.08,171.00,55.34
S1176L01,ok,171.74,138.71,43.09
S1176L02,ok,170.93,137.95,43.39
S1176L03,ok,170.34,140.16,43.74
S1176L04,ok,170.00,140.63,44.04
S1176L05,ok,171.00,140.87,44.51
S1176L06,ok,173.93,139.52,45.40
S1176L07,ok,172.83,139.28,46.44
S1176L08,ok,175.50,138.44,47.88
S1177R01,ok,159.36,138.44,46.78
S1177R02,ok,164.68,134.12,46.82
S1177R03,ok,168.50,167.00,48.39
S1178L01,ok,177.88,167.98,32.56
S1178L02,ok,152.50,197.81,32.84
S1178L03,ok,154.65,190.76,32.45
S1178L04,ok,171.28,183.04,31.67
S1178L05,ok,149.72,178.89,30.12
S1178L06,ok,160.30,179.80,33.62
S1178R01,ok,179.59,185.22,31.96
S1179L01,ok,160.95,152.00,52.62
S1179L02,ok,160.41,128.73,49.59
S1179L03,ok,181.91,156.63,51.80
S1179L04,ok,192.00,138.00,53.01
S1179L05,ok,192.18,144.39,51.44
S1179L06,ok,193.46,137.82,52.37
S1179L07,ok,157.00,141.02,46.55
S1179L08,ok,138.24,164.91,47.33
S1179L09,ok,177.98,163.38,48.88
S1179L10,ok,181.19,155.00,49.68
S1179R01,ok,186.00,165.09,49.73
S1179R02,ok,133.38,167.47,42.81
S1179R03,ok,172.66,135.26,47.88
S1179R04,ok,144.17,155.60,43.99
S1179R05,ok,170.50,153.00,47.32
S1179R06,ok,139.35,140.54,46.62
S1179R07,ok,191.00,169.39,43.80
S1179R08,ok,151.70,148.43,42.95
S1179R09,ok,181.45,166.25,41.61
S1179R10,ok,171.00,160.50,43.68
S1180R01,ok,145.80,158.66,49.35
S1180R02,ok,145.74,155.94,49.25
S1180R03,ok,158.24,145.12,48.59
S1180R04,ok,156.33,143.57,48.98
S1180R05,ok,155.68,150.99,47.13
S1180R06,ok,154.00,151.26,47.42
S1181L01,ok,157.06,189.86,35.36
S1181L02,ok,169.47,184.91,38.65
S1181L03,ok,201.00,169.77,36.45
S1181L04,ok,195.62,152.23,34.09
S1181L05,ok,171.50,165.00,36.58
S1181L06,ok,183.00,178.50,36.99
S1181L07,ok,160.00,172.01,40.04
S1182L01,ok,146.32,139.74,53.41
S1182L02,ok,128.14,155.15,58.29
S1182L03,ok,152.13,146.68,48.61
S1182L04,ok,163.95,158.73,51.26
S1182L05,ok,157.94,156.83,51.71
S1182L06,ok,124.62,170.23,50.25
S1182L07,ok,120.00,139.10,45.79
S1182L08,ok,128.83,174.39,51.93
S1182L09,ok,143.82,158.02,57.43
S1182R01,ok,152.67,149.23,55.22
S1182R02,ok,163.50,158.00,49.91
S1182R03,ok,172.16,141.29,40.76
S1182R04,ok,145.54,154.59,51.41
S1182R05,ok,157.72,141.22,43.90
S1182R06,ok,151.00,164.74,46.43
S1182R07,ok,152.49,149.91,43.74
S1182R08,ok,174.00,171.50,47.02
S1182R09,ok,169.13,171.64,49.16
S1182R10,ok,145.30,156.16,50.23
S1183L01,ok,146.23,175.07,42.39
S1183R01,ok,154.27,127.86,38.85
S1183R02,ok,125.84,127.40,35.42
S1183R03,ok,164.38,126.22,36.04
S1183R04,ok,164.97,157.57,35.93
S1183R05,ok,154.96,131.11,35.62
S1183R06,ok,150.51,135.63,37.20
S1184R01,ok,159.00,132.50,45.40
S1184R02,ok,168.00,154.00,47.93
S1184R03,ok,123.72,157.94,49.83
S1184R04,ok,124.38,161.95,49.96
S1184R05,ok,117.25,153.24,48.24
S1185L01,ok,155.72,153.50,32.33
S1185L02,ok,160.00,180.33,35.03
S1185L03,ok,170.50,189.63,35.80
S1185L04,ok,132.86,179.08,34.14
S1185L05,ok,146.00,176.00,33.38
S1185L06,ok,124.00,149.50,36.00
S1186L01,ok,148.00,173.14,37.20
S1186L02,ok,132.50,136.57,45.90
S1186L03,ok,142.00,150.88,43.17
S1186L04,ok,131.13,112.05,34.78
S1186L05,ok,139.31,114.94,38.46
S1186L06,ok,155.50,158.34,47.11
S1186L07,ok,125.15,145.94,40.12
S1186L08,ok,161.00,162.50,43.91
S1186L09,ok,169.35,158.30,41.95
S1187R01,ok,185.00,140.92,53.16
S1187R02,ok,195.54,132.12,48.33
S1187R03,ok,168.00,160.21,54.25
S1187R04,ok,161.51,152.41,51.71
S1187R05,ok,166.47,173.91,43.57
S1187R06,ok,155.50,153.94,49.37
S1187R07,ok,186.03,143.68,49.69
S1188L01,ok,154.70,170.93,39.44
S1188L02,ok,147.88,161.25,40.57
S1188L03,ok,156.50,141.50,39.27
S1188L04,ok,141.35,158.95,37.88
S1188L05,ok,148.44,162.61,38.66
S1188L06,ok,162.87,150.02,43.19
S1188L07,ok,157.16,163.19,38.25
S1188L08,ok,137.47,152.34,46.12
S1188L09,ok,150.04,149.80,44.56
S1188L10,ok,136.34,146.39,41.30
S1188R01,ok,159.21,166.95,40.53
S1188R02,ok,165.77,155.13,42.19
S1188R03,ok,181.08,159.10,35.90
S1188R04,ok,169.21,160.40,38.21
S1188R05,ok,154.35,152.23,36.52
S1188R07,ok,168.05,150.34,36.10
S1188R08,ok,181.73,155.57,38.93
S1188R09,ok,171.26,160.98,38.02
S1188R10,ok,155.00,146.33,48.83
S1189L01,ok,154.67,178.36,37.89
S1190L01,ok,111.47,189.64,54.64
S1190L02,ok,149.64,177.39,52.13
S1190L03,ok,142.52,159.92,50.28
S1190L04,ok,131.50,197.50,50.09
S1190L05,ok,151.49,153.19,50.14
S1191L01,ok,137.34,143.63,44.13
S1191L02,ok,168.91,140.26,41.51
S1191L03,ok,166.00,149.75,43.42
S1191L04,ok,147.42,153.75,39.92
S1191L05,ok,161.00,142.22,41.99
S1191L06,ok,154.77,151.35,42.37
S1191L07,ok,165.00,132.50,42.26
S1191L08,ok,151.11,134.72,43.02
S1191L09,ok,171.00,139.95,42.50
S1191L10,ok,161.00,146.50,40.04
S1191R01,ok,154.50,161.63,41.88
S1191R02,ok,160.50,153.45,41.70
S1191R03,ok,154.49,162.61,40.76
S1191R04,ok,174.40,171.03,49.19
S1191R05,ok,164.61,165.78,41.31
S1191R06,ok,159.00,152.73,43.83
S1191R07,ok,166.00,155.00,39.62
S1191R08,ok,154.00,163.50,42.69
S1191R09,ok,146.50,170.75,42.75
S1191R10,ok,166.75,159.68,42.94
S1192L01,ok,181.00,146.50,46.38
S1192R01,ok,126.50,166.59,40.12
S1192R02,ok,127.50,149.21,37.99
S1192R03,ok,154.00,139.93,42.65
S1192R04,ok,114.23,153.30,38.82
S1192R05,ok,127.49,170.57,40.95
S1192R06,ok,182.50,161.15,43.98
S1193L01,ok,142.50,165.35,40.73
S1193L02,ok,149.88,165.34,40.13
S1193L03,ok,142.05,141.58,40.42
S1193L04,ok,188.02,137.06,38.01
S1193L05,ok,148.36,149.91,39.06
S1194R01,ok,189.95,154.71,41.49
S1194R02,ok,186.00,145.00,38.64
S1194R03,ok,168.00,163.50,35.85
S1194R04,ok,165.00,176.57,39.88
S1194R05,ok,164.14,156.13,36.24
S1195R01,ok,185.00,172.50,48.87
S1195R02,ok,173.39,199.09,45.55
S1195R03,ok,146.17,197.77,43.94
S1195R04,ok,137.00,188.09,42.67
S1195R05,ok,153.50,173.00,44.34
S1196R01,ok,115.69,137.47,37.90
S1196R02,ok,155.44,154.40,41.75
S1196R03,ok,135.00,121.91,39.21
S1196R04,ok,142.00,124.74,37.60
S1196R05,ok,122.95,142.20,37.86
S1197L01,ok,152.50,167.50,43.98
S1197L02,ok,151.24,137.92,41.25
S1197L03,ok,144.50,166.50,44.03
S1197L04,ok,169.66,162.45,41.14
S1197L05,ok,194.14,152.00,42.02
S1197R01,ok,171.05,143.52,36.87
S1198L01,ok,174.00,165.00,39.62
S1198L02,ok,159.72,148.97,41.37
S1198L03,ok,159.11,139.26,43.46
S1198L04,ok,166.19,161.14,43.46
S1198L05,ok,165.00,152.71,43.45
S1199L01,ok,160.66,177.01,51.51
S1199L02,ok,152.00,160.50,49.33
S1199L03,ok,158.10,175.64,50.62
S1199L04,ok,157.61,189.11,50.00
S1199L05,ok,151.00,182.27,50.09
S1199L06,ok,161.00,160.36,50.99
S1199L07,ok,146.00,178.50,50.50
S1199L08,ok,143.09,181.19,49.19
S1199L09,ok,151.00,172.71,49.45
S1199L10,ok,159.71,165.62,47.85
S1199R01,ok,149.81,103.64,44.94
S1199R02,ok,161.00,160.73,42.03
S1199R03,ok,161.93,133.73,44.83
S1199R04,ok,173.60,105.62,46.39
S1199R05,ok,154.00,102.57,45.96
S1199R06,ok,157.56,158.82,43.32
S1199R07,ok,139.00,172.50,43.07
S1199R08,ok,157.91,172.22,43.23
S1199R09,ok,135.73,151.71,41.84
S1199R10,ok,165.00,171.11,45.29
S1200R01,ok,151.00,172.00,33.54
S1200R02,ok,174.72,156.61,31.83
S1201L01,ok,137.94,167.71,40.82
S1201L02,ok,166.59,170.84,41.54
S1201L03,ok,182.00,147.07,40.09
S1201L04,ok,176.91,156.68,40.53
S1201L05,ok,161.50,191.23,41.91
S1202L01,ok,155.39,149.61,40.55
S1202R01,ok,148.56,155.11,33.20
S1202R02,ok,156.00,160.65,34.37
S1202R03,ok,153.50,183.00,35.43
S1202R04,ok,126.00,162.92,34.45
S1202R05,ok,173.02,154.39,36.12
S1203L01,ok,154.50,176.50,47.27
S1203L02,ok,167.00,173.33,44.33
S1203L03,ok,157.00,181.50,45.89
S1203L04,ok,154.00,163.35,45.75
S1203L05,ok,165.34,170.64,44.72
S1203R01,ok,169.99,169.11,38.94
S1204L01,ok,139.98,152.50,43.91
S1204L02,ok,126.91,125.20,50.28
S1205L01,ok,199.50,127.86,48.88
S1205L02,ok,156.92,150.43,46.97
S1205R01,ok,139.51,146.30,42.62
S1205R02,ok,130.53,143.29,45.51
S1205R03,ok,142.81,147.82,48.00
S1205R04,ok,136.31,144.45,46.93
S1205R05,ok,157.50,150.50,46.95
S1205R06,ok,150.70,147.59,40.81
S1205R07,ok,174.11,143.45,46.73
S1206R01,ok,160.87,149.37,33.88
S1206R02,ok,164.59,155.57,35.02
S1206R03,ok,146.15,160.58,33.36
S1206R04,ok,128.50,179.23,33.86
S1206R05,ok,130.93,156.01,34.53
S1207R01,ok,179.23,158.13,49.66
S1207R02,ok,146.00,172.63,45.91
S1207R03,ok,166.00,159.85,46.24
S1207R04,ok,172.76,179.02,49.16
S1207R05,ok,192.00,170.38,48.88
S1208L01,ok,178.72,177.44,46.59
S1208L02,ok,147.08,163.10,37.57
S1208L03,ok,147.50,138.50,38.76
S1208L04,ok,149.50,172.91,34.53
S1208L05,ok,157.68,141.16,35.99
S1208L06,ok,157.91,164.18,36.05
S1208L07,ok,139.00,162.55,40.35
S1208R01,ok,144.50,180.50,40.87
S1209L01,ok,157.01,155.12,41.12
S1209L02,ok,156.11,178.44,43.98
S1209L03,ok,162.12,159.56,37.57
S1209L04,ok,160.90,159.09,37.96
S1209L05,ok,177.50,157.50,38.45
S1209L06,ok,149.35,161.65,38.42
S1209L07,ok,146.00,164.78,42.79
S1209L08,ok,153.65,155.05,43.82
S1209L09,ok,162.02,156.25,44.17
S1209L10,ok,141.97,150.45,42.65
S1209R01,ok,178.47,134.74,44.89
S1209R02,ok,180.50,145.70,39.46
S1209R03,ok,185.55,141.69,38.62
S1209R04,ok,193.00,158.75,37.61
S1209R05,ok,176.44,172.70,36.71
S1209R06,ok,131.57,154.06,39.21
S1209R07,ok,168.14,172.26,45.14
S1209R08,ok,179.22,173.77,41.51
S1209R09,ok,180.00,179.42,49.08
S1209R10,ok,178.44,144.98,39.70
S1210L01,ok,162.89,164.46,55.58
S1210L02,ok,131.00,149.20,51.28
S1210L03,ok,152.06,161.33,54.91
S1210L04,ok,133.39,165.09,54.04
S1210L05,ok,142.74,168.24,55.71
S1210L06,ok,146.01,168.30,48.96
S1210L07,ok,153.75,161.39,52.05
S1211L01,ok,152.97,158.59,45.60
S1211L02,ok,163.00,162.89,45.50
S1211L03,ok,162.34,185.40,48.02
S1211L04,ok,175.82,162.95,44.64
S1211L05,ok,145.00,169.69,47.00
S1211L06,ok,172.50,177.50,47.94
S1211L07,ok,157.50,166.57,45.06
S1211L08,ok,146.50,194.45,48.47
S1211L09,ok,141.80,174.45,41.29
S1211L10,ok,163.67,186.37,41.61
S1211L11,ok,163.43,171.48,43.78
S1211L12,ok,144.37,174.47,43.66
S1211L13,ok,167.85,183.77,42.27
S1211L14,ok,181.35,180.62,38.90
S1211L15,ok,179.10,175.52,43.90
S1211R01,ok,152.25,180.61,40.77
S1211R02,ok,188.43,161.15,39.86
S1212L01,ok,153.64,149.36,37.90
S1212L02,ok,156.52,160.81,39.35
S1212L03,ok,193.49,159.47,32.93
S1212L04,ok,188.39,156.17,37.90
S1212L05,ok,187.10,163.61,37.50
S1212L06,ok,200.49,155.46,37.94
S1212L07,ok,181.27,157.87,35.55
S1212L08,ok,175.26,163.28,36.82
S1212R01,ok,198.77,175.95,42.85
S1213L01,ok,166.89,171.53,45.79
S1213R01,ok,149.69,172.38,35.78
S1214L01,ok,168.50,163.50,41.19
S1214L02,ok,164.60,168.00,44.24
S1214L03,ok,184.50,170.10,35.70
S1214L04,ok,131.25,187.74,43.95
S1214L05,ok,176.00,170.87,42.32
S1214L06,ok,167.00,182.00,44.10
S1214L07,ok,174.15,174.00,44.11
S1214R01,ok,150.11,151.31,37.04
S1215L01,ok,153.64,141.94,43.16
S1215L02,ok,159.50,144.00,44.51
S1215L03,ok,151.39,144.25,42.62
S1215L04,ok,155.50,142.08,39.46
S1215L05,ok,162.26,132.06,38.08
S1215L06,ok,125.65,148.05,43.82
S1216L01,ok,134.27,206.06,29.38
S1217L01,ok,148.50,168.50,40.21
S1217L02,ok,136.24,161.08,41.25
S1217L03,ok,158.55,165.25,43.89
S1217L04,ok,175.63,165.83,49.39
S1218L01,ok,154.97,177.28,48.38
S1218L02,ok,150.31,168.17,46.98
S1218L03,ok,140.46,176.35,50.77
S1218R01,ok,184.50,178.50,50.22
S1218R02,ok,183.45,180.79,45.43
S1218R03,ok,164.18,162.23,46.39
S1218R04,ok,189.00,162.22,44.50
S1218R05,ok,176.60,158.23,45.83
S1218R06,ok,182.00,163.74,47.27
S1218R07,ok,176.40,140.42,49.17
S1218R08,ok,176.40,183.35,48.95
S1218R09,ok,183.00,169.82,48.84
S1218R10,ok,201.25,138.92,49.69
S1218R11,ok,182.50,177.00,48.58
S1218R12,ok,188.39,176.32,50.75
S1218R13,ok,181.45,134.32,46.39
S1218R14,ok,177.50,136.82,48.76
S1218R15,ok,179.50,173.90,47.23
S1219L01,ok,140.55,174.50,37.07
S1219L02,ok,159.54,167.88,46.33
S1219L03,ok,130.83,163.97,43.43
S1219L04,ok,169.46,195.36,45.98
S1219L05,ok,151.72,172.47,43.79
S1219L06,ok,137.00,171.50,44.68
S1219L07,ok,159.41,167.46,44.12
S1219L08,ok,157.78,175.65,43.70
S1219L09,ok,153.82,158.26,44.83
S1219L10,ok,165.00,148.77,44.95
S1219R01,ok,178.63,182.68,37.86
S1219R02,ok,158.70,188.95,42.18
S1219R03,ok,162.00,159.53,42.58
S1219R04,ok,182.38,175.71,43.79
S1219R05,ok,157.84,167.91,43.11
S1219R06,ok,155.24,159.41,41.15
S1219R07,ok,151.45,159.76,38.51
S1219R08,ok,173.82,151.30,44.00
S1219R09,ok,153.52,142.14,38.59
S1220L01,ok,145.62,166.05,30.27
S1220L02,ok,153.27,156.32,26.94
S1220L03,ok,178.44,168.86,28.51
S1220L04,ok,123.68,177.81,28.38
S1220L05,ok,146.37,168.56,28.99
S1220L06,ok,142.50,186.71,28.70
S1221L01,ok,138.00,204.57,49.93
S1221R01,ok,142.50,168.71,45.51
S1221R02,ok,125.00,198.71,42.71
S1221R03,ok,133.24,191.81,41.36
S1221R04,ok,166.00,159.44,40.75
S1221R05,ok,126.68,191.35,42.87
S1221R06,ok,139.69,181.09,42.61
S1222R01,ok,149.69,203.88,38.40
S1222R02,ok,143.86,206.68,38.55
S1222R03,ok,135.22,204.17,37.97
S1222R04,ok,133.31,196.96,35.80
S1222R05,ok,181.50,190.50,43.16
S1222R06,ok,130.50,196.50,36.91
S1222R07,ok,130.12,196.02,36.67
S1222R08,ok,157.50,206.50,38.24
S1223R01,ok,144.50,147.40,37.17
S1223R02,ok,150.92,148.90,36.59
S1223R03,ok,146.00,155.50,35.72
S1224L01,ok,168.00,160.00,44.91
S1224L02,ok,138.95,173.60,44.34
S1224L03,ok,155.12,170.86,52.47
S1224L04,ok,154.17,157.19,47.30
S1224L05,ok,139.14,175.83,48.64
S1224L06,ok,141.27,176.31,48.03
S1224L07,ok,140.04,171.22,47.04
S1224L08,ok,139.00,181.00,49.65
S1224L09,ok,130.47,159.60,46.39
S1224L10,ok,145.09,162.38,42.40
S1224L11,ok,132.00,167.56,51.91
S1224R01,ok,162.94,160.99,50.18
S1224R02,ok,190.00,154.50,46.38
S1224R03,ok,191.44,157.78,43.35
S1224R04,ok,174.50,151.69,46.53
S1224R05,ok,170.89,146.38,46.00
S1224R06,ok,185.17,149.82,46.11
S1224R07,ok,166.56,162.39,49.96
S1224R08,ok,172.26,167.72,47.20
S1224R09,ok,167.43,168.83,40.54
S1224R10,ok,174.00,162.16,44.56
S1224R11,ok,178.62,144.19,46.19
S1225L01,ok,127.36,157.09,32.02
S1225L02,ok,127.71,143.30,33.72
S1225L03,ok,145.37,153.51,31.02
S1225L04,ok,152.58,168.50,32.15
S1225L05,ok,121.92,156.69,34.05
S1225L06,ok,138.59,166.82,30.50
S1225L07,ok,145.00,175.50,35.02
S1226R01,ok,161.50,128.41,43.25
S1226R02,ok,144.50,151.50,44.32
S1226R03,ok,151.23,132.53,45.83
S1226R04,ok,135.74,149.75,46.67
S1226R05,ok,174.54,152.86,45.36
S1226R06,ok,124.45,130.75,43.89
S1226R07,ok,140.74,142.00,43.61
S1227L01,ok,134.03,184.07,49.32
S1227L02,ok,128.78,186.20,42.26
S1227L03,ok,132.43,185.00,45.81
S1227L04,ok,134.60,193.04,45.30
S1227L05,ok,134.00,197.00,45.22
S1227R01,ok,180.88,153.73,52.72
S1228L01,ok,167.00,172.86,49.23
S1228L02,ok,142.00,171.39,49.65
S1228L03,ok,155.00,192.67,46.71
S1228L04,ok,152.50,174.00,47.45
S1228L05,ok,158.60,174.64,41.03
S1228L06,ok,158.50,173.00,41.68
S1228L07,ok,168.00,180.58,41.02
S1228R01,ok,122.50,157.83,37.00
S1229L01,ok,202.49,192.45,37.53
S1229L02,ok,172.91,195.67,35.85
S1229L03,ok,203.65,197.44,37.02
S1229L04,ok,175.44,160.76,38.04
S1229L05,ok,168.89,156.35,37.05
S1229L06,ok,191.26,194.96,36.96
S1229L07,ok,191.43,166.43,43.32
S1229L08,ok,206.34,178.45,38.36
S1229L09,ok,203.92,156.33,41.77
S1229L10,ok,167.35,210.47,36.96
S1229R01,ok,166.38,168.96,39.70
S1229R02,ok,185.12,142.54,35.67
S1229R03,ok,174.15,168.00,35.21
S1229R04,ok,150.00,177.00,34.71
S1229R05,ok,142.51,176.98,36.56
S1229R06,ok,144.14,183.16,35.05
S1229R07,ok,123.76,169.05,32.56
S1229R08,ok,164.92,136.33,32.91
S1229R09,ok,166.00,188.06,33.08
S1230R01,ok,163.22,159.88,44.56
S1230R02,ok,170.32,170.13,42.51
S1230R03,ok,155.00,161.50,37.83
S1230R04,ok,153.50,148.50,42.81
S1230R05,ok,157.74,170.55,34.13
S1230R06,ok,161.00,154.70,36.20
S1230R07,ok,126.50,150.85,38.60
S1230R08,ok,153.32,164.40,34.87
S1230R09,ok,203.23,149.62,36.69
S1230R10,ok,154.61,166.43,38.85
S1231L01,ok,165.10,193.15,47.24
S1231L02,ok,138.04,176.19,56.90
S1231L03,ok,142.00,179.00,54.45
S1231L04,ok,155.32,185.39,55.24
S1231L05,ok,157.50,184.00,52.54
S1231L06,ok,155.36,190.36,52.67
S1231L07,ok,159.00,178.90,44.82
S1231L08,ok,195.99,160.77,53.38
S1232L01,ok,193.41,152.19,52.80
S1232L02,ok,174.01,180.73,45.62
S1232L03,ok,162.71,198.80,47.72
S1233R01,ok,133.50,158.50,48.09
S1233R02,ok,141.39,135.20,48.80
S1233R03,ok,153.00,134.65,48.02
S1233R04,ok,136.28,159.69,46.43
S1234R01,ok,127.32,181.61,56.23
S1234R02,ok,161.51,180.24,58.34
S1234R03,ok,176.21,152.03,57.37
S1234R04,ok,171.27,170.09,56.44
S1234R05,ok,149.00,172.08,56.80
S1234R06,ok,136.00,170.85,54.60
S1235R01,ok,173.10,165.11,38.76
S1235R02,ok,169.71,144.77,38.37
S1235R03,ok,157.50,149.80,33.65
S1235R04,ok,189.71,156.74,37.34
S1236R01,ok,165.07,190.17,54.97
S1236R02,ok,207.35,193.06,49.58
S1236R03,ok,163.68,202.86,50.83
S1237R01,ok,154.98,153.25,32.81
S1237R02,ok,153.50,153.41,33.59
S1237R03,ok,161.50,164.42,32.61
S1238R01,ok,153.43,173.34,40.03
S1238R02,ok,148.05,191.22,44.50
S1238R03,ok,139.44,165.23,41.47
S1238R04,ok,139.39,169.89,37.65
S1239L01,ok,144.50,137.80,45.27
S1239L02,ok,147.00,138.86,37.35
S1239L03,ok,169.50,144.50,40.75
S1239L04,ok,140.50,146.28,41.96
S1239L05,ok,155.29,136.46,43.62
S1239L06,ok,152.50,132.00,44.07
S1239L07,ok,136.50,130.38,38.65
S1239L08,ok,153.00,129.63,40.68
S1239L09,ok,141.50,142.41,38.67
S1239L10,ok,129.50,132.38,38.78
S1239R01,ok,153.88,124.49,34.61
S1239R02,ok,137.00,128.60,39.94
S1239R03,ok,142.50,136.50,44.30
S1239R04,ok,156.50,120.00,42.36
S1239R05,ok,171.49,132.19,40.33
S1239R06,ok,145.19,121.39,41.42
S1239R07,ok,167.56,128.22,37.36
S1239R08,ok,154.20,134.08,37.70
S1239R09,ok,157.05,118.38,37.49
S1239R10,ok,156.50,114.00,40.51
S1240L01,ok,183.15,156.76,44.77
S1240L02,ok,178.50,176.00,47.07
S1240L03,ok,161.38,197.94,43.19
S1240L04,ok,125.03,200.32,45.85
S1240L05,ok,153.00,152.62,42.15
S1241R01,ok,173.00,143.56,34.50
S1241R02,ok,171.00,139.00,34.53
S1241R03,ok,161.27,125.17,35.03
S1242L01,ok,164.88,150.86,58.36
S1242L02,ok,157.00,149.42,59.72
S1242L03,ok,157.22,142.93,56.23
S1243R01,ok,126.87,193.19,45.57
S1243R02,ok,182.80,183.06,44.93
S1244L01,ok,142.43,186.67,41.70
S1244L02,ok,165.55,170.78,39.16
S1244L03,ok,160.94,172.27,39.18
S1244L04,ok,179.50,177.50,40.21
S1244L05,ok,176.66,195.92,36.88
S1244L06,ok,168.34,163.62,38.90
S1245R01,ok,178.14,154.97,46.10
S1245R02,ok,167.58,137.93,45.39
S1245R03,ok,162.50,144.92,45.54
S1245R04,ok,159.24,190.48,44.21
S1246R01,ok,131.80,162.30,33.87
S1246R02,ok,124.00,163.00,33.38
S1246R03,ok,119.00,162.50,34.31
S1247R01,ok,132.58,128.74,49.02
S1247R02,ok,174.62,138.91,53.63
S1247R03,ok,164.21,137.93,53.27
S1247R04,ok,140.98,138.38,48.88
S1247R05,ok,163.65,143.33,52.75
S1247R06,ok,196.86,153.71,50.94
S1247R07,ok,174.85,168.54,48.85
S1247R08,ok,195.50,159.65,55.85
S1248L01,ok,166.18,159.77,36.41
S1248R01,ok,133.50,181.00,36.28
S1248R02,ok,167.00,167.93,34.99
S1248R03,ok,151.04,166.50,32.75
S1248R04,ok,128.39,171.16,34.26
S1248R05,ok,163.50,159.00,31.33
S1248R06,ok,172.15,185.04,35.17
S1248R07,ok,161.69,179.84,33.64
S1249R01,ok,173.37,141.57,48.60
S1249R02,ok,184.37,156.19,48.41
